ANO,DEPARTAMENTO,CODIGO MUNICIPIO,MUNICIPIO,ipm_pobreza,ipm_sin_salud,ipm_sin_acceso_salud,nivel_sisben,proporcion_rural,Educación_neta_total,Ingresos totales,pcte_poblacion_rural
2009,ANTIOQUIA,5002,ABEJORRAL,0,0,0,0,0,0.89,8193.65,0
2009,ANTIOQUIA,5004,ABRIAQUI,0,0,0,0,0,0.88,2992.01,0
2009,ANTIOQUIA,5021,ALEJANDRIA,0,0,0,0,0,1.13,5219.18,0
2009,ANTIOQUIA,5030,AMAGA,0,0,0,0,0,0.81,11334.66,0
2009,ANTIOQUIA,5031,AMALFI,0,0,0,0,0,0.88,17377.29,0
2009,ANTIOQUIA,5034,ANDES,0,0,0,0,0,0.81,19764.76,0
2009,ANTIOQUIA,5036,ANGELOPOLIS,0,0,0,0,0,0.78,6221.73,0
2009,ANTIOQUIA,5038,ANGOSTURA,0,0,0,0,0,0.75,9539.95,0
2009,ANTIOQUIA,5040,ANORI,0,0,0,0,0,0.91,12051.77,0
2009,ANTIOQUIA,5044,ANZA,0,0,0,0,0,0.84,5307.58,0
2009,ANTIOQUIA,5045,APARTADO,0,0,0,0,0,0.57,46539.43,0
2009,ANTIOQUIA,5051,ARBOLETES,0,0,0,0,0,0.86,13742.09,0
2009,ANTIOQUIA,5055,ARGELIA,0,0,0,0,0,0.78,6806.97,0
2009,ANTIOQUIA,5059,ARMENIA,0,0,0,0,0,0.91,3859.62,0
2009,ANTIOQUIA,5079,BARBOSA,0,0,0,0,0,0.91,19295.86,0
2009,ANTIOQUIA,5088,BELLO,0,0,0,0,0,0.86,315245.59,0
2009,ANTIOQUIA,5086,BELMIRA,0,0,0,0,0,0.89,4840.41,0
2009,ANTIOQUIA,5091,BETANIA,0,0,0,0,0,0.85,5560.22,0
2009,ANTIOQUIA,5093,BETULIA,0,0,0,0,0,0.75,9647.7,0
2009,ANTIOQUIA,5107,BRICEÑO,0,0,0,0,0,0.9,6895.51,0
2009,ANTIOQUIA,5113,BURITICA,0,0,0,0,0,0.9,6411.76,0
2009,ANTIOQUIA,5125,CAICEDO,0,0,0,0,0,0.77,5972.18,0
2009,ANTIOQUIA,5129,CALDAS,0,0,0,0,0,0.92,26761.38,0
2009,ANTIOQUIA,5134,CAMPAMENTO,0,0,0,0,0,0.92,7124.82,0
2009,ANTIOQUIA,5142,CARACOLI,0,0,0,0,0,0.87,4138.84,0
2009,ANTIOQUIA,5145,CARAMANTA,0,0,0,0,0,0.85,3702.65,0
2009,ANTIOQUIA,5147,CAREPA,0,0,0,0,0,0.78,17444.82,0
2009,ANTIOQUIA,5150,CAROLINA,0,0,0,0,0,1.21,6145.48,0
2009,ANTIOQUIA,5154,CAUCASIA,0,0,0,0,0,0.77,37840.81,0
2009,ANTIOQUIA,5138,CAÑASGORDAS,0,0,0,0,0,0.78,9542.86,0
2009,ANTIOQUIA,5190,CISNEROS,0,0,0,0,0,1.01,5686.28,0
2009,ANTIOQUIA,5101,CIUDAD BOLIVAR,0,0,0,0,0,0.83,12592.39,0
2009,ANTIOQUIA,5197,COCORNA,0,0,0,0,0,0.93,7769.7,0
2009,ANTIOQUIA,5206,CONCEPCION,0,0,0,0,0,0.75,5228.53,0
2009,ANTIOQUIA,5209,CONCORDIA,0,0,0,0,0,1.16,10436.22,0
2009,ANTIOQUIA,5212,COPACABANA,0,0,0,0,0,0.99,34597.81,0
2009,ANTIOQUIA,5120,CACERES,0,0,0,0,0,0.89,16535.04,0
2009,ANTIOQUIA,5234,DABEIBA,0,0,0,0,0,0.8,12594.08,0
2009,ANTIOQUIA,5240,EBEJICO,0,0,0,0,0,0.86,7158.37,0
2009,ANTIOQUIA,5250,EL BAGRE,0,0,0,0,0,0.89,30157.44,0
2009,ANTIOQUIA,5148,EL CARMEN DE VIBORAL,0,0,0,0,0,0.8,16711.29,0
2009,ANTIOQUIA,5697,EL SANTUARIO,0,0,0,0,0,1.08,14532.62,0
2009,ANTIOQUIA,5264,ENTRERRIOS,0,0,0,0,0,0,7545.91,0
2009,ANTIOQUIA,5266,ENVIGADO,0,0,0,0,0,0.75,163460.83,0
2009,ANTIOQUIA,5282,FREDONIA,0,0,0,0,0,0.87,12168.06,0
2009,ANTIOQUIA,5284,FRONTINO,0,0,0,0,0,1.02,11632.88,0
2009,ANTIOQUIA,5306,GIRALDO,0,0,0,0,0,0.93,3787.59,0
2009,ANTIOQUIA,5308,GIRARDOTA,0,0,0,0,0,0.87,25911.46,0
2009,ANTIOQUIA,5313,GRANADA,0,0,0,0,0,0.98,6115.41,0
2009,ANTIOQUIA,5315,GUADALUPE,0,0,0,0,0,0.88,5041.84,0
2009,ANTIOQUIA,5318,GUARNE,0,0,0,0,0,0.76,19255.93,0
2009,ANTIOQUIA,5321,GUATAPE,0,0,0,0,0,1,12785.46,0
2009,ANTIOQUIA,5310,GOMEZ PLATA,0,0,0,0,0,0.72,8648.15,0
2009,ANTIOQUIA,5347,HELICONIA,0,0,0,0,0,0.84,5836.05,0
2009,ANTIOQUIA,5353,HISPANIA,0,0,0,0,0,1,4144.64,0
2009,ANTIOQUIA,5364,JARDIN,0,0,0,0,0,0.91,7626.7,0
2009,ANTIOQUIA,5368,JERICO,0,0,0,0,0,0.84,9472.94,0
2009,ANTIOQUIA,5376,LA CEJA,0,0,0,0,0,0.87,25143.02,0
2009,ANTIOQUIA,5380,LA ESTRELLA,0,0,0,0,0,0.93,27739.08,0
2009,ANTIOQUIA,5390,LA PINTADA,0,0,0,0,0,1.16,6752.76,0
2009,ANTIOQUIA,5400,LA UNION,0,0,0,0,0,0.88,8188.25,0
2009,ANTIOQUIA,5411,LIBORINA,0,0,0,0,0,0.9,4617.43,0
2009,ANTIOQUIA,5425,MACEO,0,0,0,0,0,1.14,9552.46,0
2009,ANTIOQUIA,5440,MARINILLA,0,0,0,0,0,0.88,23595.41,0
2009,ANTIOQUIA,5001,MEDELLIN,0,0,0,0,0,1.1,2633710.5,0
2009,ANTIOQUIA,5467,MONTEBELLO,0,0,0,0,0,0.91,5343.54,0
2009,ANTIOQUIA,5475,MURINDO,0,0,0,0,0,1.07,6502.67,0
2009,ANTIOQUIA,5480,MUTATA,0,0,0,0,0,0.84,9862.59,0
2009,ANTIOQUIA,5483,NARIÑO,0,0,0,0,0,0.67,7119.71,0
2009,ANTIOQUIA,5495,NECHI,0,0,0,0,0,0.88,18499.87,0
2009,ANTIOQUIA,5490,NECOCLI,0,0,0,0,0,0.95,22550.11,0
2009,ANTIOQUIA,5501,OLAYA,0,0,0,0,0,0.8,3791.76,0
2009,ANTIOQUIA,5543,PEQUE,0,0,0,0,0,0.82,6060.16,0
2009,ANTIOQUIA,5541,PEÑOL,0,0,0,0,0,0.92,11922.1,0
2009,ANTIOQUIA,5576,PUEBLORRICO,0,0,0,0,0,0.89,4975.33,0
2009,ANTIOQUIA,5579,PUERTO BERRIO,0,0,0,0,0,0.9,21769.87,0
2009,ANTIOQUIA,5585,PUERTO NARE,0,0,0,0,0,0.75,15259.95,0
2009,ANTIOQUIA,5591,PUERTO TRIUNFO,0,0,0,0,0,0.82,14164.84,0
2009,ANTIOQUIA,5604,REMEDIOS,0,0,0,0,0,0.98,17101.59,0
2009,ANTIOQUIA,5607,RETIRO,0,0,0,0,0,0.98,17129.75,0
2009,ANTIOQUIA,5615,RIONEGRO,0,0,0,0,0,0.84,136932.14,0
2009,ANTIOQUIA,5628,SABANALARGA,0,0,0,0,0,1.24,5520.45,0
2009,ANTIOQUIA,5631,SABANETA,0,0,0,0,0,1.13,52882.11,0
2009,ANTIOQUIA,5642,SALGAR,0,0,0,0,0,0.81,7894.91,0
2009,ANTIOQUIA,5649,SAN CARLOS,0,0,0,0,0,0.85,16938.49,0
2009,ANTIOQUIA,5652,SAN FRANCISCO,0,0,0,0,0,0.72,5286.73,0
2009,ANTIOQUIA,5656,SAN JERONIMO,0,0,0,0,0,0.93,8117.76,0
2009,ANTIOQUIA,5658,SAN JOSE DE LA MONTAÑA,0,0,0,0,0,0.91,3701.35,0
2009,ANTIOQUIA,5659,SAN JUAN DE URABA,0,0,0,0,0,0.93,12358.25,0
2009,ANTIOQUIA,5660,SAN LUIS,0,0,0,0,0,0.68,6946.56,0
2009,ANTIOQUIA,5664,SAN PEDRO,0,0,0,0,0,0.77,13694.33,0
2009,ANTIOQUIA,5665,SAN PEDRO DE URABA,0,0,0,0,0,1.24,14789.25,0
2009,ANTIOQUIA,5667,SAN RAFAEL,0,0,0,0,0,1.01,10536.02,0
2009,ANTIOQUIA,5670,SAN ROQUE,0,0,0,0,0,0.92,11112.65,0
2009,ANTIOQUIA,5674,SAN VICENTE,0,0,0,0,0,1.05,10190.08,0
2009,ANTIOQUIA,5686,SANTA ROSA DE OSOS,0,0,0,0,0,1.01,17362.81,0
2009,ANTIOQUIA,5042,SANTAFE DE ANTIOQUIA,0,0,0,0,0,0.79,12392.72,0
2009,ANTIOQUIA,5690,SANTO DOMINGO,0,0,0,0,0,1.03,11196.5,0
2009,ANTIOQUIA,5736,SEGOVIA,0,0,0,0,0,0.8,20526.47,0
2009,ANTIOQUIA,5756,SONSON,0,0,0,0,0,0.87,17203.36,0
2009,ANTIOQUIA,5761,SOPETRAN,0,0,0,0,0,0.94,6023.6,0
2009,ANTIOQUIA,5790,TARAZA,0,0,0,0,0,0.74,24990.27,0
2009,ANTIOQUIA,5792,TARSO,0,0,0,0,0,0.77,4822.73,0
2009,ANTIOQUIA,5809,TITIRIBI,0,0,0,0,0,0.66,6231,0
2009,ANTIOQUIA,5819,TOLEDO,0,0,0,0,0,0.82,4230.34,0
2009,ANTIOQUIA,5837,TURBO,0,0,0,0,0,0.97,101595.29,0
2009,ANTIOQUIA,5789,TAMESIS,0,0,0,0,0,1,7814.24,0
2009,ANTIOQUIA,5842,URAMITA,0,0,0,0,0,0.76,5492.83,0
2009,ANTIOQUIA,5847,URRAO,0,0,0,0,0,0.64,14002.75,0
2009,ANTIOQUIA,5854,VALDIVIA,0,0,0,0,0,0.78,10306.28,0
2009,ANTIOQUIA,5856,VALPARAISO,0,0,0,0,0,1.05,4940.57,0
2009,ANTIOQUIA,5858,VEGACHI,0,0,0,0,0,1.05,8529.84,0
2009,ATLANTICO,8078,BARANOA,0,0,0,0,0,0.95,21368.99,0
2009,ATLANTICO,8001,BARRANQUILLA,0,0,0,0,0,1.02,1032046.17,0
2009,ATLANTICO,8137,CAMPO DE LA CRUZ,0,0,0,0,0,0.83,9591.19,0
2009,ATLANTICO,8141,CANDELARIA,0,0,0,0,0,1.06,7744.37,0
2009,ATLANTICO,8296,GALAPA,0,0,0,0,0,0.8,14920.83,0
2009,ATLANTICO,8372,JUAN DE ACOSTA,0,0,0,0,0,0.81,6615.55,0
2009,ATLANTICO,8421,LURUACO,0,0,0,0,0,0.94,10391.76,0
2009,ATLANTICO,8433,MALAMBO,0,0,0,0,0,0.81,25493.56,0
2009,ATLANTICO,8436,MANATI,0,0,0,0,0,1.16,6149.6,0
2009,ATLANTICO,8520,PALMAR DE VARELA,0,0,0,0,0,0.99,7897.14,0
2009,ATLANTICO,8549,PIOJO,0,0,0,0,0,0.78,4054.53,0
2009,ATLANTICO,8558,POLONUEVO,0,0,0,0,0,0.86,4751.9,0
2009,ATLANTICO,8560,PONEDERA,0,0,0,0,0,0.81,8581.65,0
2009,ATLANTICO,8573,PUERTO COLOMBIA,0,0,0,0,0,1.89,24154.37,0
2009,ATLANTICO,8606,REPELON,0,0,0,0,0,0.81,9754.95,0
2009,ATLANTICO,8634,SABANAGRANDE,0,0,0,0,0,0.97,9915.81,0
2009,ATLANTICO,8638,SABANALARGA,0,0,0,0,0,1.24,25229.73,0
2009,ATLANTICO,8675,SANTA LUCIA,0,0,0,0,0,0.7,8271.65,0
2009,ATLANTICO,8685,SANTO TOMAS,0,0,0,0,0,0.82,8108.56,0
2009,ATLANTICO,8758,SOLEDAD,0,0,0,0,0,0.76,191586.93,0
2009,ATLANTICO,8770,SUAN,0,0,0,0,0,0.89,5960.33,0
2009,ATLANTICO,8832,TUBARA,0,0,0,0,0,0.81,5852,0
2009,ATLANTICO,8849,USIACURI,0,0,0,0,0,0.77,4297.88,0
2009,NORTE DE SANTANDER,54051,ARBOLEDAS,0,0,0,0,0,0.79,5117.49,0
2009,NORTE DE SANTANDER,54099,BOCHALEMA,0,0,0,0,0,0.84,3863.32,0
2009,NORTE DE SANTANDER,54109,BUCARASICA,0,0,0,0,0,1.08,3985,0
2009,NORTE DE SANTANDER,54128,CACHIRA,0,0,0,0,0,0.76,4762.22,0
2009,NORTE DE SANTANDER,54172,CHINACOTA,0,0,0,0,0,0.78,5666.04,0
2009,NORTE DE SANTANDER,54174,CHITAGA,0,0,0,0,0,0.73,5340.86,0
2009,NORTE DE SANTANDER,54206,CONVENCION,0,0,0,0,0,0.98,8086.83,0
2009,NORTE DE SANTANDER,54223,CUCUTILLA,0,0,0,0,0,0.87,5028.65,0
2009,NORTE DE SANTANDER,54125,CACOTA,0,0,0,0,0,0.88,3618.3,0
2009,NORTE DE SANTANDER,54001,CUCUTA,0,0,0,0,0,0.96,432819.01,0
2009,NORTE DE SANTANDER,54239,DURANIA,0,0,0,0,0,0.93,3683.89,0
2009,NORTE DE SANTANDER,54245,EL CARMEN,0,0,0,0,0,0.7,8712.61,0
2009,NORTE DE SANTANDER,54250,EL TARRA,0,0,0,0,0,0.89,8205.29,0
2009,NORTE DE SANTANDER,54261,EL ZULIA,0,0,0,0,0,0.92,10642.26,0
2009,NORTE DE SANTANDER,54313,GRAMALOTE,0,0,0,0,0,0.95,3547.64,0
2009,NORTE DE SANTANDER,54344,HACARI,0,0,0,0,0,0.74,7074.76,0
2009,NORTE DE SANTANDER,54347,HERRAN,0,0,0,0,0,0.51,2970.51,0
2009,NORTE DE SANTANDER,54385,LA ESPERANZA,0,0,0,0,0,0.8,6548.25,0
2009,NORTE DE SANTANDER,54398,LA PLAYA,0,0,0,0,0,0.85,4920.34,0
2009,NORTE DE SANTANDER,54377,LABATECA,0,0,0,0,0,0.7,5289.74,0
2009,NORTE DE SANTANDER,54405,LOS PATIOS,0,0,0,0,0,0.74,19523.48,0
2009,NORTE DE SANTANDER,54418,LOURDES,0,0,0,0,0,0.79,2731.55,0
2009,NORTE DE SANTANDER,54480,MUTISCUA,0,0,0,0,0,0.81,2820.05,0
2009,NORTE DE SANTANDER,54498,OCAÑA,0,0,0,0,0,0.88,30594.71,0
2009,NORTE DE SANTANDER,54518,PAMPLONA,0,0,0,0,0,0.66,20157.08,0
2009,NORTE DE SANTANDER,54520,PAMPLONITA,0,0,0,0,0,0.78,3531.02,0
2009,NORTE DE SANTANDER,54553,PUERTO SANTANDER,0,0,0,0,0,0.63,5127.46,0
2009,NORTE DE SANTANDER,54599,RAGONVALIA,0,0,0,0,0,0.53,4067.36,0
2009,NORTE DE SANTANDER,54660,SALAZAR,0,0,0,0,0,0.83,5417.26,0
2009,NORTE DE SANTANDER,54670,SAN CALIXTO,0,0,0,0,0,0.7,6699.8,0
2009,NORTE DE SANTANDER,54673,SAN CAYETANO,0,0,0,0,0,0.76,5002,0
2009,NORTE DE SANTANDER,54680,SANTIAGO,0,0,0,0,0,0.54,3016.75,0
2009,NORTE DE SANTANDER,54720,SARDINATA,0,0,0,0,0,0.79,10514.46,0
2009,NORTE DE SANTANDER,54743,SILOS,0,0,0,0,0,0.72,3794.88,0
2009,NORTE DE SANTANDER,54800,TEORAMA,0,0,0,0,0,0.64,8875.84,0
2009,NORTE DE SANTANDER,54810,TIBU,0,0,0,0,0,0.85,19104.42,0
2009,NORTE DE SANTANDER,54820,TOLEDO,0,0,0,0,0,0.82,8599.88,0
2009,NORTE DE SANTANDER,54871,VILLA CARO,0,0,0,0,0,0.73,3348.29,0
2009,NORTE DE SANTANDER,54874,VILLA DEL ROSARIO,0,0,0,0,0,0.77,24809.6,0
2009,NORTE DE SANTANDER,54003,ABREGO,0,0,0,0,0,0.73,15553.76,0
2009,SANTANDER,68013,AGUADA,0,0,0,0,0,0.65,3408.38,0
2009,SANTANDER,68020,ALBANIA,0,0,0,0,0,0.68,3363.92,0
2009,SANTANDER,68051,ARATOCA,0,0,0,0,0,0.85,5771.6,0
2009,SANTANDER,68077,BARBOSA,0,0,0,0,0,0.91,11057.84,0
2009,SANTANDER,68079,BARICHARA,0,0,0,0,0,0.78,6103.58,0
2009,SANTANDER,68081,BARRANCABERMEJA,0,0,0,0,0,1,273803.05,0
2009,SANTANDER,68092,BETULIA,0,0,0,0,0,0.75,3885.11,0
2009,SANTANDER,68101,BOLIVAR,0,0,0,0,0,0.94,6121.02,0
2009,SANTANDER,68001,BUCARAMANGA,0,0,0,0,0,0.98,403987.08,0
2009,SANTANDER,68121,CABRERA,0,0,0,0,0,0.61,3656.2,0
2009,SANTANDER,68132,CALIFORNIA,0,0,0,0,0,0.65,2305.49,0
2009,SANTANDER,68147,CAPITANEJO,0,0,0,0,0,0.93,4754.93,0
2009,SANTANDER,68152,CARCASI,0,0,0,0,0,0.79,4477.99,0
2009,SANTANDER,68160,CEPITA,0,0,0,0,0,0.94,3428.96,0
2009,SANTANDER,68162,CERRITO,0,0,0,0,0,0.78,4967.2,0
2009,SANTANDER,68167,CHARALA,0,0,0,0,0,1.02,6521.15,0
2009,SANTANDER,68169,CHARTA,0,0,0,0,0,0.77,2946.24,0
2009,SANTANDER,68176,CHIMA,0,0,0,0,0,0.88,3696.46,0
2009,SANTANDER,68179,CHIPATA,0,0,0,0,0,0.73,3751.37,0
2009,SANTANDER,68190,CIMITARRA,0,0,0,0,0,0.72,26917.4,0
2009,SANTANDER,68207,CONCEPCION,0,0,0,0,0,0.75,5164.21,0
2009,SANTANDER,68209,CONFINES,0,0,0,0,0,0.69,2944.83,0
2009,SANTANDER,68211,CONTRATACION,0,0,0,0,0,0.74,3020.67,0
2009,SANTANDER,68217,COROMORO,0,0,0,0,0,0.62,4499.28,0
2009,SANTANDER,68229,CURITI,0,0,0,0,0,0.8,6465.64,0
2009,SANTANDER,68235,EL CARMEN DE CHUCURI,0,0,0,0,0,0.75,11186.17,0
2009,SANTANDER,68245,EL GUACAMAYO,0,0,0,0,0,0.85,2525.19,0
2009,SANTANDER,68250,EL PEÑON,0,0,0,0,0,0.77,4861.96,0
2009,SANTANDER,68255,EL PLAYON,0,0,0,0,0,0.97,7246.7,0
2009,SANTANDER,68264,ENCINO,0,0,0,0,0,0.85,3759.93,0
2009,SANTANDER,68266,ENCISO,0,0,0,0,0,0.96,3706.5,0
2009,SANTANDER,68276,FLORIDABLANCA,0,0,0,0,0,0.81,120472.41,0
2009,SANTANDER,68271,FLORIAN,0,0,0,0,0,0.81,6295.62,0
2009,SANTANDER,68296,GALAN,0,0,0,0,0,0.94,3289.55,0
2009,SANTANDER,68307,GIRON,0,0,0,0,0,0.67,86436.21,0
2009,SANTANDER,68318,GUACA,0,0,0,0,0,0.84,2863.3,0
2009,SANTANDER,68320,GUADALUPE,0,0,0,0,0,0.88,3757.91,0
2009,SANTANDER,68322,GUAPOTA,0,0,0,0,0,0.84,2128.32,0
2009,SANTANDER,68324,GUAVATA,0,0,0,0,0,0.71,3110.31,0
2009,SANTANDER,68298,GAMBITA,0,0,0,0,0,0.63,3933.87,0
2009,SANTANDER,68344,HATO,0,0,0,0,0,0.78,3601.08,0
2009,SANTANDER,68368,JESUS MARIA,0,0,0,0,0,0.95,3613.22,0
2009,SANTANDER,68370,JORDAN,0,0,0,0,0,1.2,3185.17,0
2009,SANTANDER,68377,LA BELLEZA,0,0,0,0,0,0.65,4825.24,0
2009,SANTANDER,68397,LA PAZ,0,0,0,0,0,0.8,5049.02,0
2009,SANTANDER,68385,LANDAZURI,0,0,0,0,0,0,6288,0
2009,SANTANDER,68406,LEBRIJA,0,0,0,0,0,0.89,12130.95,0
2009,SANTANDER,68418,LOS SANTOS,0,0,0,0,0,0.83,7725.3,0
2009,SANTANDER,68425,MACARAVITA,0,0,0,0,0,1.03,3685.21,0
2009,SANTANDER,68444,MATANZA,0,0,0,0,0,0.98,3262.91,0
2009,SANTANDER,68464,MOGOTES,0,0,0,0,0,0.87,6280.73,0
2009,SANTANDER,68468,MOLAGAVITA,0,0,0,0,0,0.74,4380.14,0
2009,SANTANDER,68432,MALAGA,0,0,0,0,0,1.06,9165.88,0
2009,SANTANDER,68498,OCAMONTE,0,0,0,0,0,0.84,3636.09,0
2009,SANTANDER,68500,OIBA,0,0,0,0,0,0.79,7124.13,0
2009,SANTANDER,68502,ONZAGA,0,0,0,0,0,0.72,5199.24,0
2009,SANTANDER,68522,PALMAR,0,0,0,0,0,0.5,2690.39,0
2009,SANTANDER,68524,PALMAS DEL SOCORRO,0,0,0,0,0,0.86,3113.25,0
2009,SANTANDER,68547,PIEDECUESTA,0,0,0,0,0,0.89,39918.55,0
2009,SANTANDER,68549,PINCHOTE,0,0,0,0,0,0.69,3284.72,0
2009,SANTANDER,68572,PUENTE NACIONAL,0,0,0,0,0,1.23,8084.72,0
2009,SANTANDER,68573,PUERTO PARRA,0,0,0,0,0,0.65,6715.46,0
2009,SANTANDER,68575,PUERTO WILCHES,0,0,0,0,0,0.92,24719.47,0
2009,SANTANDER,68533,PARAMO,0,0,0,0,0,0.82,4908.85,0
2009,SANTANDER,68615,RIONEGRO,0,0,0,0,0,0.84,16453.32,0
2009,SANTANDER,68655,SABANA DE TORRES,0,0,0,0,0,1.2,27356.04,0
2009,SANTANDER,68669,SAN ANDRES,0,0,0,0,0,0.97,6820.69,0
2009,SANTANDER,68673,SAN BENITO,0,0,0,0,0,0.57,2642.55,0
2009,SANTANDER,68679,SAN GIL,0,0,0,0,0,1.05,23325.11,0
2009,SANTANDER,68682,SAN JOAQUIN,0,0,0,0,0,0.78,3772.67,0
2009,SANTANDER,68684,SAN JOSE DE MIRANDA,0,0,0,0,0,0.77,4673.92,0
2009,SANTANDER,68686,SAN MIGUEL,0,0,0,0,0,0.56,3678.23,0
2009,SANTANDER,68689,SAN VICENTE DE CHUCURI,0,0,0,0,0,0.81,32432.9,0
2009,SANTANDER,68705,SANTA BARBARA,0,0,0,0,0,0.82,2877.45,0
2009,SANTANDER,68720,SANTA HELENA DEL OPON,0,0,0,0,0,0.76,4069.07,0
2009,SANTANDER,68745,SIMACOTA,0,0,0,0,0,0.81,7199.46,0
2009,SANTANDER,68755,SOCORRO,0,0,0,0,0,0.91,13053.89,0
2009,SANTANDER,68770,SUAITA,0,0,0,0,0,0.85,6920.1,0
2009,SANTANDER,68773,SUCRE,0,0,0,0,0,1.03,5147.46,0
2009,SANTANDER,68780,SURATA,0,0,0,0,0,0.9,3406.5,0
2009,SANTANDER,68820,TONA,0,0,0,0,0,0.79,4206.21,0
2009,SANTANDER,68855,VALLE DE SAN JOSE,0,0,0,0,0,0.87,3676.31,0
2009,SANTANDER,68867,VETAS,0,0,0,0,0,0.49,2037.5,0
2009,SANTANDER,68872,VILLANUEVA,0,0,0,0,0,0.97,4906.64,0
2009,SANTANDER,68861,VELEZ,0,0,0,0,0,0.93,7479.67,0
2009,SANTANDER,68895,ZAPATOCA,0,0,0,0,0,0.9,4846.72,0
2009,VALLE DEL CAUCA,76020,ALCALA,0,0,0,0,0,0.57,6048.17,0
2009,VALLE DEL CAUCA,76036,ANDALUCIA,0,0,0,0,0,0.87,8339.68,0
2009,VALLE DEL CAUCA,76041,ANSERMANUEVO,0,0,0,0,0,0.77,10681.25,0
2009,VALLE DEL CAUCA,76054,ARGELIA,0,0,0,0,0,0.78,3798.95,0
2009,VALLE DEL CAUCA,76100,BOLIVAR,0,0,0,0,0,0.94,7966.27,0
2009,VALLE DEL CAUCA,76113,BUGALAGRANDE,0,0,0,0,0,0.96,14038.74,0
2009,VALLE DEL CAUCA,76122,CAICEDONIA,0,0,0,0,0,0.88,14733.9,0
2009,VALLE DEL CAUCA,76130,CANDELARIA,0,0,0,0,0,1.06,34774.82,0
2009,VALLE DEL CAUCA,76147,CARTAGO,0,0,0,0,0,0.94,74447.77,0
2009,VALLE DEL CAUCA,76233,DAGUA,0,0,0,0,0,1.01,17021.29,0
2009,VALLE DEL CAUCA,76246,EL CAIRO,0,0,0,0,0,0.67,4127.25,0
2009,VALLE DEL CAUCA,76248,EL CERRITO,0,0,0,0,0,0.99,21312.97,0
2009,VALLE DEL CAUCA,76250,EL DOVIO,0,0,0,0,0,0.95,6046.09,0
2009,VALLE DEL CAUCA,76243,EL AGUILA,0,0,0,0,0,0.88,5074.97,0
2009,VALLE DEL CAUCA,76275,FLORIDA,0,0,0,0,0,1,19815.89,0
2009,VALLE DEL CAUCA,76306,GINEBRA,0,0,0,0,0,0.98,7559.64,0
2009,VALLE DEL CAUCA,76318,GUACARI,0,0,0,0,0,0.94,11568.22,0
2009,VALLE DEL CAUCA,76364,JAMUNDI,0,0,0,0,0,0.82,36550.22,0
2009,VALLE DEL CAUCA,76377,LA CUMBRE,0,0,0,0,0,0.96,6038.84,0
2009,VALLE DEL CAUCA,76400,LA UNION,0,0,0,0,0,0.88,12714.29,0
2009,VALLE DEL CAUCA,76403,LA VICTORIA,0,0,0,0,0,0.99,5786.61,0
2009,VALLE DEL CAUCA,76497,OBANDO,0,0,0,0,0,0.73,7101.68,0
2009,VALLE DEL CAUCA,76520,PALMIRA,0,0,0,0,0,0.96,186440.34,0
2009,VALLE DEL CAUCA,76563,PRADERA,0,0,0,0,0,0.84,19659.55,0
2009,VALLE DEL CAUCA,76606,RESTREPO,0,0,0,0,0,0.9,6950.23,0
2009,VALLE DEL CAUCA,76616,RIOFRIO,0,0,0,0,0,0.85,8288.73,0
2009,VALLE DEL CAUCA,76622,ROLDANILLO,0,0,0,0,0,0.96,11125.49,0
2009,VALLE DEL CAUCA,76670,SAN PEDRO,0,0,0,0,0,0.77,7371.53,0
2009,VALLE DEL CAUCA,76736,SEVILLA,0,0,0,0,0,0.76,18568.89,0
2009,VALLE DEL CAUCA,76823,TORO,0,0,0,0,0,0.84,7142.38,0
2009,VALLE DEL CAUCA,76828,TRUJILLO,0,0,0,0,0,0.79,7443.76,0
2009,VALLE DEL CAUCA,76834,TULUA,0,0,0,0,0,0.97,117894.46,0
2009,VALLE DEL CAUCA,76845,ULLOA,0,0,0,0,0,0.77,3357.06,0
2009,VALLE DEL CAUCA,76863,VERSALLES,0,0,0,0,0,0.9,5032.51,0
2009,VALLE DEL CAUCA,76869,VIJES,0,0,0,0,0,0.96,4466.81,0
2009,VALLE DEL CAUCA,76890,YOTOCO,0,0,0,0,0,0.84,9219.23,0
2009,VALLE DEL CAUCA,76892,YUMBO,0,0,0,0,0,1.05,109791.56,0
2009,VALLE DEL CAUCA,76895,ZARZAL,0,0,0,0,0,0.96,17688.18,0
2010,ANTIOQUIA,5002,ABEJORRAL,0,0,0,0,0,0.94,9205.12,0
2010,ANTIOQUIA,5004,ABRIAQUI,0,0,0,0,0,0.91,2904.22,0
2010,ANTIOQUIA,5021,ALEJANDRIA,0,0,0,0,0,1.15,4841.04,0
2010,ANTIOQUIA,5030,AMAGA,0,0,0,0,0,0.81,11312.21,0
2010,ANTIOQUIA,5031,AMALFI,0,0,0,0,0,0.95,15115.16,0
2010,ANTIOQUIA,5034,ANDES,0,0,0,0,0,0.82,23569.84,0
2010,ANTIOQUIA,5036,ANGELOPOLIS,0,0,0,0,0,0.78,4296.84,0
2010,ANTIOQUIA,5038,ANGOSTURA,0,0,0,0,0,0.81,10565.55,0
2010,ANTIOQUIA,5040,ANORI,0,0,0,0,0,0.92,16233.97,0
2010,ANTIOQUIA,5044,ANZA,0,0,0,0,0,0.92,5013.13,0
2010,ANTIOQUIA,5045,APARTADO,0,0,0,0,0,0.7,81995.09,0
2010,ANTIOQUIA,5051,ARBOLETES,0,0,0,0,0,0.84,13976.02,0
2010,ANTIOQUIA,5055,ARGELIA,0,0,0,0,0,0.84,6681.83,0
2010,ANTIOQUIA,5059,ARMENIA,0,0,0,0,0,0.85,4170.75,0
2010,ANTIOQUIA,5079,BARBOSA,0,0,0,0,0,0.81,22524.72,0
2010,ANTIOQUIA,5088,BELLO,0,0,0,0,0,0.83,231009.12,0
2010,ANTIOQUIA,5086,BELMIRA,0,0,0,0,0,0.93,4959.88,0
2010,ANTIOQUIA,5091,BETANIA,0,0,0,0,0,0.88,7891.03,0
2010,ANTIOQUIA,5093,BETULIA,0,0,0,0,0,0.91,9584.65,0
2010,ANTIOQUIA,5107,BRICEÑO,0,0,0,0,0,0.9,6419.7,0
2010,ANTIOQUIA,5113,BURITICA,0,0,0,0,0,0.95,5763.12,0
2010,ANTIOQUIA,5125,CAICEDO,0,0,0,0,0,0.77,6208.32,0
2010,ANTIOQUIA,5129,CALDAS,0,0,0,0,0,0.89,22588.7,0
2010,ANTIOQUIA,5134,CAMPAMENTO,0,0,0,0,0,0.93,8309.09,0
2010,ANTIOQUIA,5142,CARACOLI,0,0,0,0,0,0.78,3770.7,0
2010,ANTIOQUIA,5145,CARAMANTA,0,0,0,0,0,0.84,7722.65,0
2010,ANTIOQUIA,5147,CAREPA,0,0,0,0,0,0.87,18283.09,0
2010,ANTIOQUIA,5150,CAROLINA,0,0,0,0,0,1.17,8038.25,0
2010,ANTIOQUIA,5154,CAUCASIA,0,0,0,0,0,0.75,42969.45,0
2010,ANTIOQUIA,5138,CAÑASGORDAS,0,0,0,0,0,0.83,10004.98,0
2010,ANTIOQUIA,5190,CISNEROS,0,0,0,0,0,0.98,6437.72,0
2010,ANTIOQUIA,5101,CIUDAD BOLIVAR,0,0,0,0,0,0.87,12061.32,0
2010,ANTIOQUIA,5197,COCORNA,0,0,0,0,0,0.91,8249.86,0
2010,ANTIOQUIA,5206,CONCEPCION,0,0,0,0,0,1.13,5196.32,0
2010,ANTIOQUIA,5209,CONCORDIA,0,0,0,0,0,0.79,11155.88,0
2010,ANTIOQUIA,5212,COPACABANA,0,0,0,0,0,1.01,33823.26,0
2010,ANTIOQUIA,5120,CACERES,0,0,0,0,0,0.8,14978.65,0
2010,ANTIOQUIA,5234,DABEIBA,0,0,0,0,0,0.79,12773.48,0
2010,ANTIOQUIA,5240,EBEJICO,0,0,0,0,0,0.85,7209.69,0
2010,ANTIOQUIA,5250,EL BAGRE,0,0,0,0,0,0.96,26510.25,0
2010,ANTIOQUIA,5148,EL CARMEN DE VIBORAL,0,0,0,0,0,0.83,15539.33,0
2010,ANTIOQUIA,5697,EL SANTUARIO,0,0,0,0,0,1.08,12879.54,0
2010,ANTIOQUIA,5264,ENTRERRIOS,0,0,0,0,0,0,7033.86,0
2010,ANTIOQUIA,5266,ENVIGADO,0,0,0,0,0,0.74,191251.96,0
2010,ANTIOQUIA,5282,FREDONIA,0,0,0,0,0,0.89,11459.51,0
2010,ANTIOQUIA,5284,FRONTINO,0,0,0,0,0,1.19,13088.45,0
2010,ANTIOQUIA,5306,GIRALDO,0,0,0,0,0,0.98,3973.82,0
2010,ANTIOQUIA,5308,GIRARDOTA,0,0,0,0,0,0.84,25994.59,0
2010,ANTIOQUIA,5313,GRANADA,0,0,0,0,0,0.93,6424.87,0
2010,ANTIOQUIA,5315,GUADALUPE,0,0,0,0,0,1.01,5364.29,0
2010,ANTIOQUIA,5318,GUARNE,0,0,0,0,0,0.76,20315.7,0
2010,ANTIOQUIA,5321,GUATAPE,0,0,0,0,0,1.07,9306.12,0
2010,ANTIOQUIA,5310,GOMEZ PLATA,0,0,0,0,0,0.76,5817.91,0
2010,ANTIOQUIA,5347,HELICONIA,0,0,0,0,0,0.83,6472.16,0
2010,ANTIOQUIA,5353,HISPANIA,0,0,0,0,0,1,3911.93,0
2010,ANTIOQUIA,5364,JARDIN,0,0,0,0,0,0.91,6738.78,0
2010,ANTIOQUIA,5368,JERICO,0,0,0,0,0,0.95,8574.44,0
2010,ANTIOQUIA,5376,LA CEJA,0,0,0,0,0,0.93,26978.99,0
2010,ANTIOQUIA,5380,LA ESTRELLA,0,0,0,0,0,0.98,34389.73,0
2010,ANTIOQUIA,5390,LA PINTADA,0,0,0,0,0,1.16,7239.22,0
2010,ANTIOQUIA,5400,LA UNION,0,0,0,0,0,0.94,9509.3,0
2010,ANTIOQUIA,5411,LIBORINA,0,0,0,0,0,0.97,6041.69,0
2010,ANTIOQUIA,5425,MACEO,0,0,0,0,0,1.23,7642.58,0
2010,ANTIOQUIA,5440,MARINILLA,0,0,0,0,0,0.89,24248.75,0
2010,ANTIOQUIA,5001,MEDELLIN,0,0,0,0,0,1.08,2972608.09,0
2010,ANTIOQUIA,5467,MONTEBELLO,0,0,0,0,0,0.87,5511.4,0
2010,ANTIOQUIA,5475,MURINDO,0,0,0,0,0,0.96,6049.83,0
2010,ANTIOQUIA,5480,MUTATA,0,0,0,0,0,0.86,11795.98,0
2010,ANTIOQUIA,5483,NARIÑO,0,0,0,0,0,0.59,6716.1,0
2010,ANTIOQUIA,5495,NECHI,0,0,0,0,0,0.93,19168.16,0
2010,ANTIOQUIA,5490,NECOCLI,0,0,0,0,0,0.87,26265.21,0
2010,ANTIOQUIA,5501,OLAYA,0,0,0,0,0,0.8,3810.24,0
2010,ANTIOQUIA,5543,PEQUE,0,0,0,0,0,0.8,7470.33,0
2010,ANTIOQUIA,5541,PEÑOL,0,0,0,0,0,0.93,13265.47,0
2010,ANTIOQUIA,5576,PUEBLORRICO,0,0,0,0,0,0.89,7450.39,0
2010,ANTIOQUIA,5579,PUERTO BERRIO,0,0,0,0,0,0.89,23384.17,0
2010,ANTIOQUIA,5585,PUERTO NARE,0,0,0,0,0,0.76,24428.66,0
2010,ANTIOQUIA,5591,PUERTO TRIUNFO,0,0,0,0,0,0.84,15275.11,0
2010,ANTIOQUIA,5604,REMEDIOS,0,0,0,0,0,1,18978.28,0
2010,ANTIOQUIA,5607,RETIRO,0,0,0,0,0,1.03,16646.36,0
2010,ANTIOQUIA,5615,RIONEGRO,0,0,0,0,0,0.92,139365.17,0
2010,ANTIOQUIA,5628,SABANALARGA,0,0,0,0,0,1.29,7039.68,0
2010,ANTIOQUIA,5631,SABANETA,0,0,0,0,0,1.15,65734.42,0
2010,ANTIOQUIA,5642,SALGAR,0,0,0,0,0,0.78,7978.07,0
2010,ANTIOQUIA,5649,SAN CARLOS,0,0,0,0,0,0.87,15022.45,0
2010,ANTIOQUIA,5652,SAN FRANCISCO,0,0,0,0,0,0.71,5038.79,0
2010,ANTIOQUIA,5656,SAN JERONIMO,0,0,0,0,0,0.92,9347.63,0
2010,ANTIOQUIA,5658,SAN JOSE DE LA MONTAÑA,0,0,0,0,0,0.89,3362.26,0
2010,ANTIOQUIA,5659,SAN JUAN DE URABA,0,0,0,0,0,0.93,14463.25,0
2010,ANTIOQUIA,5660,SAN LUIS,0,0,0,0,0,1.07,6719.37,0
2010,ANTIOQUIA,5664,SAN PEDRO,0,0,0,0,0,1.17,14578.71,0
2010,ANTIOQUIA,5665,SAN PEDRO DE URABA,0,0,0,0,0,1.24,16199.84,0
2010,ANTIOQUIA,5667,SAN RAFAEL,0,0,0,0,0,1,10073.4,0
2010,ANTIOQUIA,5670,SAN ROQUE,0,0,0,0,0,0.93,11158.67,0
2010,ANTIOQUIA,5674,SAN VICENTE,0,0,0,0,0,1.09,10463.62,0
2010,ANTIOQUIA,5686,SANTA ROSA DE OSOS,0,0,0,0,0,0.98,17875.38,0
2010,ANTIOQUIA,5042,SANTAFE DE ANTIOQUIA,0,0,0,0,0,0.86,15714.86,0
2010,ANTIOQUIA,5690,SANTO DOMINGO,0,0,0,0,0,1.05,7281.45,0
2010,ANTIOQUIA,5736,SEGOVIA,0,0,0,0,0,0.84,17257.03,0
2010,ANTIOQUIA,5756,SONSON,0,0,0,0,0,0.94,21009.64,0
2010,ANTIOQUIA,5761,SOPETRAN,0,0,0,0,0,0.93,8162.58,0
2010,ANTIOQUIA,5790,TARAZA,0,0,0,0,0,0.76,23544.55,0
2010,ANTIOQUIA,5792,TARSO,0,0,0,0,0,0.8,5407.73,0
2010,ANTIOQUIA,5809,TITIRIBI,0,0,0,0,0,0.65,7903.6,0
2010,ANTIOQUIA,5819,TOLEDO,0,0,0,0,0,0.89,4327.7,0
2010,ANTIOQUIA,5837,TURBO,0,0,0,0,0,0.98,106813.87,0
2010,ANTIOQUIA,5789,TAMESIS,0,0,0,0,0,1.03,8844.34,0
2010,ANTIOQUIA,5842,URAMITA,0,0,0,0,0,0.74,7080.37,0
2010,ANTIOQUIA,5847,URRAO,0,0,0,0,0,0.66,16561.18,0
2010,ANTIOQUIA,5854,VALDIVIA,0,0,0,0,0,0.77,11791.35,0
2010,ANTIOQUIA,5856,VALPARAISO,0,0,0,0,0,0.8,5246.07,0
2010,ANTIOQUIA,5858,VEGACHI,0,0,0,0,0,1.1,9124.6,0
2010,ATLANTICO,8078,BARANOA,0,0,0,0,0,0.96,18863.58,0
2010,ATLANTICO,8001,BARRANQUILLA,0,0,0,0,0,1.09,1184132.16,0
2010,ATLANTICO,8137,CAMPO DE LA CRUZ,0,0,0,0,0,0.9,8471.96,0
2010,ATLANTICO,8141,CANDELARIA,0,0,0,0,0,0.81,6933.89,0
2010,ATLANTICO,8296,GALAPA,0,0,0,0,0,0.78,14209.79,0
2010,ATLANTICO,8372,JUAN DE ACOSTA,0,0,0,0,0,0.9,9070.81,0
2010,ATLANTICO,8421,LURUACO,0,0,0,0,0,0.92,13837.09,0
2010,ATLANTICO,8433,MALAMBO,0,0,0,0,0,0.88,51885.47,0
2010,ATLANTICO,8436,MANATI,0,0,0,0,0,1.11,6405.57,0
2010,ATLANTICO,8520,PALMAR DE VARELA,0,0,0,0,0,0.95,0,0
2010,ATLANTICO,8549,PIOJO,0,0,0,0,0,0.78,4031.43,0
2010,ATLANTICO,8558,POLONUEVO,0,0,0,0,0,0.87,5390.68,0
2010,ATLANTICO,8560,PONEDERA,0,0,0,0,0,0.81,8064.82,0
2010,ATLANTICO,8573,PUERTO COLOMBIA,0,0,0,0,0,1.83,32174.32,0
2010,ATLANTICO,8606,REPELON,0,0,0,0,0,0.83,8833.63,0
2010,ATLANTICO,8634,SABANAGRANDE,0,0,0,0,0,0.95,9758.02,0
2010,ATLANTICO,8638,SABANALARGA,0,0,0,0,0,1.29,24536.85,0
2010,ATLANTICO,8675,SANTA LUCIA,0,0,0,0,0,0.71,6473.01,0
2010,ATLANTICO,8685,SANTO TOMAS,0,0,0,0,0,0.83,8873.3,0
2010,ATLANTICO,8758,SOLEDAD,0,0,0,0,0,0.75,227896.73,0
2010,ATLANTICO,8770,SUAN,0,0,0,0,0,0.96,6080.75,0
2010,ATLANTICO,8832,TUBARA,0,0,0,0,0,0.87,4720.71,0
2010,ATLANTICO,8849,USIACURI,0,0,0,0,0,0.75,4668.24,0
2010,NORTE DE SANTANDER,54051,ARBOLEDAS,0,0,0,0,0,0.76,4348,0
2010,NORTE DE SANTANDER,54099,BOCHALEMA,0,0,0,0,0,0.82,4784.77,0
2010,NORTE DE SANTANDER,54109,BUCARASICA,0,0,0,0,0,1.08,3687.83,0
2010,NORTE DE SANTANDER,54128,CACHIRA,0,0,0,0,0,0.83,4894.76,0
2010,NORTE DE SANTANDER,54172,CHINACOTA,0,0,0,0,0,0.78,5640.28,0
2010,NORTE DE SANTANDER,54174,CHITAGA,0,0,0,0,0,0.7,6522.17,0
2010,NORTE DE SANTANDER,54206,CONVENCION,0,0,0,0,0,1,7409.7,0
2010,NORTE DE SANTANDER,54223,CUCUTILLA,0,0,0,0,0,0.86,5596.09,0
2010,NORTE DE SANTANDER,54125,CACOTA,0,0,0,0,0,0.95,3528.79,0
2010,NORTE DE SANTANDER,54001,CUCUTA,0,0,0,0,0,0.95,414931.7,0
2010,NORTE DE SANTANDER,54239,DURANIA,0,0,0,0,0,0.96,3154.32,0
2010,NORTE DE SANTANDER,54245,EL CARMEN,0,0,0,0,0,0.67,8021.65,0
2010,NORTE DE SANTANDER,54250,EL TARRA,0,0,0,0,0,0.88,7904.69,0
2010,NORTE DE SANTANDER,54261,EL ZULIA,0,0,0,0,0,0.88,10374.41,0
2010,NORTE DE SANTANDER,54313,GRAMALOTE,0,0,0,0,0,0.94,3044.59,0
2010,NORTE DE SANTANDER,54344,HACARI,0,0,0,0,0,0.64,6718.19,0
2010,NORTE DE SANTANDER,54347,HERRAN,0,0,0,0,0,0.51,3330.71,0
2010,NORTE DE SANTANDER,54385,LA ESPERANZA,0,0,0,0,0,0.78,6559.4,0
2010,NORTE DE SANTANDER,54398,LA PLAYA,0,0,0,0,0,0.79,4935.63,0
2010,NORTE DE SANTANDER,54377,LABATECA,0,0,0,0,0,0.72,4546.94,0
2010,NORTE DE SANTANDER,54405,LOS PATIOS,0,0,0,0,0,0.73,19178.02,0
2010,NORTE DE SANTANDER,54418,LOURDES,0,0,0,0,0,1.61,2783.61,0
2010,NORTE DE SANTANDER,54480,MUTISCUA,0,0,0,0,0,0.82,2976.04,0
2010,NORTE DE SANTANDER,54498,OCAÑA,0,0,0,0,0,0.89,38556.34,0
2010,NORTE DE SANTANDER,54518,PAMPLONA,0,0,0,0,0,0.66,13783.12,0
2010,NORTE DE SANTANDER,54520,PAMPLONITA,0,0,0,0,0,0.8,4057.31,0
2010,NORTE DE SANTANDER,54553,PUERTO SANTANDER,0,0,0,0,0,0.64,5469.41,0
2010,NORTE DE SANTANDER,54599,RAGONVALIA,0,0,0,0,0,0.56,3429.05,0
2010,NORTE DE SANTANDER,54660,SALAZAR,0,0,0,0,0,0.85,5324.87,0
2010,NORTE DE SANTANDER,54670,SAN CALIXTO,0,0,0,0,0,0.58,6365.13,0
2010,NORTE DE SANTANDER,54673,SAN CAYETANO,0,0,0,0,0,0.86,4814.32,0
2010,NORTE DE SANTANDER,54680,SANTIAGO,0,0,0,0,0,0.58,2904.6,0
2010,NORTE DE SANTANDER,54720,SARDINATA,0,0,0,0,0,0.73,11008.05,0
2010,NORTE DE SANTANDER,54743,SILOS,0,0,0,0,0,0.74,3587.01,0
2010,NORTE DE SANTANDER,54800,TEORAMA,0,0,0,0,0,0.52,7875.78,0
2010,NORTE DE SANTANDER,54810,TIBU,0,0,0,0,0,0.82,21836.27,0
2010,NORTE DE SANTANDER,54820,TOLEDO,0,0,0,0,0,0.89,8082.15,0
2010,NORTE DE SANTANDER,54871,VILLA CARO,0,0,0,0,0,0.73,2397.97,0
2010,NORTE DE SANTANDER,54874,VILLA DEL ROSARIO,0,0,0,0,0,0.77,27006.03,0
2010,NORTE DE SANTANDER,54003,ABREGO,0,0,0,0,0,0.68,14673.2,0
2010,SANTANDER,68013,AGUADA,0,0,0,0,0,0.6,7664.63,0
2010,SANTANDER,68020,ALBANIA,0,0,0,0,0,0.7,3584.69,0
2010,SANTANDER,68051,ARATOCA,0,0,0,0,0,0.89,6040.86,0
2010,SANTANDER,68077,BARBOSA,0,0,0,0,0,0.81,10884.26,0
2010,SANTANDER,68079,BARICHARA,0,0,0,0,0,0.82,8488.73,0
2010,SANTANDER,68081,BARRANCABERMEJA,0,0,0,0,0,1.05,319321.88,0
2010,SANTANDER,68092,BETULIA,0,0,0,0,0,0.91,4253.6,0
2010,SANTANDER,68101,BOLIVAR,0,0,0,0,0,0.91,7339.09,0
2010,SANTANDER,68001,BUCARAMANGA,0,0,0,0,0,0.98,394170.43,0
2010,SANTANDER,68121,CABRERA,0,0,0,0,0,0.87,2994.69,0
2010,SANTANDER,68132,CALIFORNIA,0,0,0,0,0,0.72,1800.53,0
2010,SANTANDER,68147,CAPITANEJO,0,0,0,0,0,1,4787.97,0
2010,SANTANDER,68152,CARCASI,0,0,0,0,0,0.8,4539.22,0
2010,SANTANDER,68160,CEPITA,0,0,0,0,0,0.91,3733.84,0
2010,SANTANDER,68162,CERRITO,0,0,0,0,0,0.78,6226.19,0
2010,SANTANDER,68167,CHARALA,0,0,0,0,0,1.04,6265.46,0
2010,SANTANDER,68169,CHARTA,0,0,0,0,0,0.8,2444.63,0
2010,SANTANDER,68176,CHIMA,0,0,0,0,0,0.9,4307.39,0
2010,SANTANDER,68179,CHIPATA,0,0,0,0,0,0.73,4078.47,0
2010,SANTANDER,68190,CIMITARRA,0,0,0,0,0,0.71,24314.54,0
2010,SANTANDER,68207,CONCEPCION,0,0,0,0,0,1.13,4677.95,0
2010,SANTANDER,68209,CONFINES,0,0,0,0,0,0.71,3220.55,0
2010,SANTANDER,68211,CONTRATACION,0,0,0,0,0,0.78,3669.35,0
2010,SANTANDER,68217,COROMORO,0,0,0,0,0,0.64,4931.18,0
2010,SANTANDER,68229,CURITI,0,0,0,0,0,0.81,6183.46,0
2010,SANTANDER,68235,EL CARMEN DE CHUCURI,0,0,0,0,0,0.77,11164.75,0
2010,SANTANDER,68245,EL GUACAMAYO,0,0,0,0,0,0.83,2030.9,0
2010,SANTANDER,68250,EL PEÑON,0,0,0,0,0,0.9,4943.82,0
2010,SANTANDER,68255,EL PLAYON,0,0,0,0,0,0.98,7842.56,0
2010,SANTANDER,68264,ENCINO,0,0,0,0,0,0.87,3541.75,0
2010,SANTANDER,68266,ENCISO,0,0,0,0,0,1.01,4351.91,0
2010,SANTANDER,68276,FLORIDABLANCA,0,0,0,0,0,0.84,132236.22,0
2010,SANTANDER,68271,FLORIAN,0,0,0,0,0,0.81,6487.33,0
2010,SANTANDER,68296,GALAN,0,0,0,0,0,1.01,3779.99,0
2010,SANTANDER,68307,GIRON,0,0,0,0,0,0.73,94122.73,0
2010,SANTANDER,68318,GUACA,0,0,0,0,0,0.86,4968.91,0
2010,SANTANDER,68320,GUADALUPE,0,0,0,0,0,1.01,3822.11,0
2010,SANTANDER,68322,GUAPOTA,0,0,0,0,0,0.85,1915.31,0
2010,SANTANDER,68324,GUAVATA,0,0,0,0,0,0.71,3201.76,0
2010,SANTANDER,68298,GAMBITA,0,0,0,0,0,0.66,3816.12,0
2010,SANTANDER,68344,HATO,0,0,0,0,0,0.82,3168.56,0
2010,SANTANDER,68368,JESUS MARIA,0,0,0,0,0,0.93,4122.2,0
2010,SANTANDER,68370,JORDAN,0,0,0,0,0,1.27,3061.51,0
2010,SANTANDER,68377,LA BELLEZA,0,0,0,0,0,0.64,49657.38,0
2010,SANTANDER,68397,LA PAZ,0,0,0,0,0,0.89,4011.01,0
2010,SANTANDER,68385,LANDAZURI,0,0,0,0,0,0,6947.23,0
2010,SANTANDER,68406,LEBRIJA,0,0,0,0,0,0.88,14090.41,0
2010,SANTANDER,68418,LOS SANTOS,0,0,0,0,0,0.86,6369.33,0
2010,SANTANDER,68425,MACARAVITA,0,0,0,0,0,1.03,4010.69,0
2010,SANTANDER,68444,MATANZA,0,0,0,0,0,1,3185.67,0
2010,SANTANDER,68464,MOGOTES,0,0,0,0,0,0.88,6265.73,0
2010,SANTANDER,68468,MOLAGAVITA,0,0,0,0,0,0.75,5538.08,0
2010,SANTANDER,68432,MALAGA,0,0,0,0,0,1.06,10186.97,0
2010,SANTANDER,68498,OCAMONTE,0,0,0,0,0,0.84,3272.14,0
2010,SANTANDER,68500,OIBA,0,0,0,0,0,0.78,7354.3,0
2010,SANTANDER,68502,ONZAGA,0,0,0,0,0,0.74,4537.68,0
2010,SANTANDER,68522,PALMAR,0,0,0,0,0,0.52,2694.36,0
2010,SANTANDER,68524,PALMAS DEL SOCORRO,0,0,0,0,0,0.93,2992.32,0
2010,SANTANDER,68547,PIEDECUESTA,0,0,0,0,0,0.95,79318.62,0
2010,SANTANDER,68549,PINCHOTE,0,0,0,0,0,0.7,3109.85,0
2010,SANTANDER,68572,PUENTE NACIONAL,0,0,0,0,0,1.27,9900.08,0
2010,SANTANDER,68573,PUERTO PARRA,0,0,0,0,0,0.69,5563.11,0
2010,SANTANDER,68575,PUERTO WILCHES,0,0,0,0,0,0.98,25564.96,0
2010,SANTANDER,68533,PARAMO,0,0,0,0,0,0.81,3499.11,0
2010,SANTANDER,68615,RIONEGRO,0,0,0,0,0,0.92,18980.7,0
2010,SANTANDER,68655,SABANA DE TORRES,0,0,0,0,0,1.36,34260.23,0
2010,SANTANDER,68669,SAN ANDRES,0,0,0,0,0,0.99,7418.48,0
2010,SANTANDER,68673,SAN BENITO,0,0,0,0,0,0.57,2941.13,0
2010,SANTANDER,68679,SAN GIL,0,0,0,0,0,1.09,23462.37,0
2010,SANTANDER,68682,SAN JOAQUIN,0,0,0,0,0,0.81,3371.34,0
2010,SANTANDER,68684,SAN JOSE DE MIRANDA,0,0,0,0,0,0.78,4431.77,0
2010,SANTANDER,68686,SAN MIGUEL,0,0,0,0,0,0.49,3563.65,0
2010,SANTANDER,68689,SAN VICENTE DE CHUCURI,0,0,0,0,0,0.84,31816.7,0
2010,SANTANDER,68705,SANTA BARBARA,0,0,0,0,0,0.9,2534.68,0
2010,SANTANDER,68720,SANTA HELENA DEL OPON,0,0,0,0,0,0.74,4107.28,0
2010,SANTANDER,68745,SIMACOTA,0,0,0,0,0,0.84,5938.94,0
2010,SANTANDER,68755,SOCORRO,0,0,0,0,0,0.93,15536.77,0
2010,SANTANDER,68770,SUAITA,0,0,0,0,0,0.85,7423.93,0
2010,SANTANDER,68773,SUCRE,0,0,0,0,0,0.67,5249.46,0
2010,SANTANDER,68780,SURATA,0,0,0,0,0,0.9,3456.77,0
2010,SANTANDER,68820,TONA,0,0,0,0,0,0.85,4078.58,0
2010,SANTANDER,68855,VALLE DE SAN JOSE,0,0,0,0,0,0.92,3507,0
2010,SANTANDER,68867,VETAS,0,0,0,0,0,0.5,1817.52,0
2010,SANTANDER,68872,VILLANUEVA,0,0,0,0,0,1.01,4623.91,0
2010,SANTANDER,68861,VELEZ,0,0,0,0,0,0.93,7908.82,0
2010,SANTANDER,68895,ZAPATOCA,0,0,0,0,0,0.95,4743.42,0
2010,VALLE DEL CAUCA,76020,ALCALA,0,0,0,0,0,0.56,5771.48,0
2010,VALLE DEL CAUCA,76036,ANDALUCIA,0,0,0,0,0,0.91,9526.07,0
2010,VALLE DEL CAUCA,76041,ANSERMANUEVO,0,0,0,0,0,0.74,9872.01,0
2010,VALLE DEL CAUCA,76054,ARGELIA,0,0,0,0,0,0.84,3958.22,0
2010,VALLE DEL CAUCA,76100,BOLIVAR,0,0,0,0,0,0.91,8584.65,0
2010,VALLE DEL CAUCA,76113,BUGALAGRANDE,0,0,0,0,0,0.97,14511.26,0
2010,VALLE DEL CAUCA,76122,CAICEDONIA,0,0,0,0,0,0.9,13929.08,0
2010,VALLE DEL CAUCA,76130,CANDELARIA,0,0,0,0,0,0.81,38317.14,0
2010,VALLE DEL CAUCA,76147,CARTAGO,0,0,0,0,0,0.92,81118.17,0
2010,VALLE DEL CAUCA,76233,DAGUA,0,0,0,0,0,1.05,16211.53,0
2010,VALLE DEL CAUCA,76246,EL CAIRO,0,0,0,0,0,0.69,3973.12,0
2010,VALLE DEL CAUCA,76248,EL CERRITO,0,0,0,0,0,0.99,21652.95,0
2010,VALLE DEL CAUCA,76250,EL DOVIO,0,0,0,0,0,0.97,5578.18,0
2010,VALLE DEL CAUCA,76243,EL AGUILA,0,0,0,0,0,0.87,5930.01,0
2010,VALLE DEL CAUCA,76275,FLORIDA,0,0,0,0,0,1.03,17428.29,0
2010,VALLE DEL CAUCA,76306,GINEBRA,0,0,0,0,0,0.97,8285.63,0
2010,VALLE DEL CAUCA,76318,GUACARI,0,0,0,0,0,0.97,11459.74,0
2010,VALLE DEL CAUCA,76364,JAMUNDI,0,0,0,0,0,0.86,60880.25,0
2010,VALLE DEL CAUCA,76377,LA CUMBRE,0,0,0,0,0,1.02,5838.58,0
2010,VALLE DEL CAUCA,76400,LA UNION,0,0,0,0,0,0.94,12242.11,0
2010,VALLE DEL CAUCA,76403,LA VICTORIA,0,0,0,0,0,0.69,5657.64,0
2010,VALLE DEL CAUCA,76497,OBANDO,0,0,0,0,0,0.72,6568.04,0
2010,VALLE DEL CAUCA,76520,PALMIRA,0,0,0,0,0,0.95,231869.49,0
2010,VALLE DEL CAUCA,76563,PRADERA,0,0,0,0,0,0.86,18159.81,0
2010,VALLE DEL CAUCA,76606,RESTREPO,0,0,0,0,0,1.35,6794.12,0
2010,VALLE DEL CAUCA,76616,RIOFRIO,0,0,0,0,0,0.89,8615.74,0
2010,VALLE DEL CAUCA,76622,ROLDANILLO,0,0,0,0,0,0.95,10735.04,0
2010,VALLE DEL CAUCA,76670,SAN PEDRO,0,0,0,0,0,1.17,7772.84,0
2010,VALLE DEL CAUCA,76736,SEVILLA,0,0,0,0,0,0.78,16485.79,0
2010,VALLE DEL CAUCA,76823,TORO,0,0,0,0,0,0.83,6202.49,0
2010,VALLE DEL CAUCA,76828,TRUJILLO,0,0,0,0,0,0.84,7919.83,0
2010,VALLE DEL CAUCA,76834,TULUA,0,0,0,0,0,0.96,127324.29,0
2010,VALLE DEL CAUCA,76845,ULLOA,0,0,0,0,0,0.78,3007.2,0
2010,VALLE DEL CAUCA,76863,VERSALLES,0,0,0,0,0,0.93,5221.38,0
2010,VALLE DEL CAUCA,76869,VIJES,0,0,0,0,0,0.96,4490.39,0
2010,VALLE DEL CAUCA,76890,YOTOCO,0,0,0,0,0,0.86,10116.68,0
2010,VALLE DEL CAUCA,76892,YUMBO,0,0,0,0,0,1.05,112673.84,0
2010,VALLE DEL CAUCA,76895,ZARZAL,0,0,0,0,0,0.93,18320.07,0
2022,ANTIOQUIA,5002,ABEJORRAL,0.32,0.09,0.1,3,0.53,0.78,30641.25,0
2022,ANTIOQUIA,5004,ABRIAQUI,0.3,0.16,0.04,4,0.66,0.68,6766.57,0
2022,ANTIOQUIA,5021,ALEJANDRIA,0.23,0.05,0.02,2,0.49,0.81,12121.73,0
2022,ANTIOQUIA,5030,AMAGA,0.18,0.08,0.06,4,0.55,0.79,43552.34,0
2022,ANTIOQUIA,5031,AMALFI,0.41,0.08,0.04,2,0.51,0.72,43600.75,0
2022,ANTIOQUIA,5034,ANDES,0.33,0.11,0.09,5,0.54,0.84,62451.24,0
2022,ANTIOQUIA,5036,ANGELOPOLIS,0.32,0.16,0.03,4,0.59,0.83,9512.58,0
2022,ANTIOQUIA,5038,ANGOSTURA,0.5,0.08,0.1,2,0.7,0.71,25910.3,0
2022,ANTIOQUIA,5040,ANORI,0.41,0.06,0.08,3,0.54,0.76,59194.63,0
2022,ANTIOQUIA,5044,ANZA,0.46,0.11,0.15,3,0.75,0.81,17729.89,0
2022,ANTIOQUIA,5045,APARTADO,0.3,0.14,0.09,2,0.54,0.95,263914.02,0
2022,ANTIOQUIA,5051,ARBOLETES,0.52,0.18,0.07,2,0.58,0.93,65660.66,0
2022,ANTIOQUIA,5055,ARGELIA,0.35,0.03,0.02,3,0.54,0.81,15495.67,0
2022,ANTIOQUIA,5059,ARMENIA,0.54,0.15,0.03,2,0.61,0.57,10628.41,0
2022,ANTIOQUIA,5079,BARBOSA,0.29,0.2,0.03,2,0.52,0.84,85860.9,0
2022,ANTIOQUIA,5088,BELLO,0.32,0.27,0.04,4,0.59,0.89,642809.4,0
2022,ANTIOQUIA,5086,BELMIRA,0.36,0.17,0.07,3,0.65,0.92,18541.46,0
2022,ANTIOQUIA,5091,BETANIA,0.45,0.15,0.02,4,0.55,0.65,17010.35,0
2022,ANTIOQUIA,5093,BETULIA,0.41,0.06,0.1,4,0.61,0.82,26645.05,0
2022,ANTIOQUIA,5107,BRICEÑO,0.4,0.08,0.03,2,0.59,0.7,25140.86,0
2022,ANTIOQUIA,5113,BURITICA,0.34,0.07,0.06,3,0.71,0.81,33187.95,0
2022,ANTIOQUIA,5125,CAICEDO,0.36,0.06,0.04,2,0.69,0.82,17589.92,0
2022,ANTIOQUIA,5129,CALDAS,0.22,0.17,0.02,2,0.57,0.96,83987.15,0
2022,ANTIOQUIA,5134,CAMPAMENTO,0.49,0.06,0.04,4,0.61,0.72,18382.36,0
2022,ANTIOQUIA,5142,CARACOLI,0.39,0.09,0.04,3,0.42,0.79,9912.8,0
2022,ANTIOQUIA,5145,CARAMANTA,0.29,0.11,0.02,5,0.53,0.84,24933.43,0
2022,ANTIOQUIA,5147,CAREPA,0.39,0.12,0.03,1,0.52,0.94,95799.44,0
2022,ANTIOQUIA,5150,CAROLINA,0.33,0.2,0.02,4,0.29,0.84,15353.18,0
2022,ANTIOQUIA,5154,CAUCASIA,0.46,0.11,0.04,2,0.52,0.89,137248.87,0
2022,ANTIOQUIA,5138,CAÑASGORDAS,0.38,0.11,0.08,2,0.61,0.84,45223.22,0
2022,ANTIOQUIA,5190,CISNEROS,0.4,0.16,0.06,4,0.5,0.81,19854.54,0
2022,ANTIOQUIA,5101,CIUDAD BOLIVAR,0.41,0.16,0.03,3,0.51,0.8,46447.73,0
2022,ANTIOQUIA,5197,COCORNA,0.3,0.16,0.02,5,0.36,1.04,27489.24,0
2022,ANTIOQUIA,5206,CONCEPCION,0.38,0.11,0.17,3,0.58,0.75,11918.54,0
2022,ANTIOQUIA,5209,CONCORDIA,0.29,0.08,0.09,3,0.59,0.66,34830.52,0
2022,ANTIOQUIA,5212,COPACABANA,0.43,0.07,0.03,3,0.54,1.05,92745.22,0
2022,ANTIOQUIA,5120,CACERES,0.49,0.08,0.06,2,0.58,0.87,42760.59,0
2022,ANTIOQUIA,5234,DABEIBA,0.24,0.13,0.02,2,0.51,0.84,53361.58,0
2022,ANTIOQUIA,5237,DONMATIAS,0.52,0.08,0.03,1,0.58,0,36977.46,0
2022,ANTIOQUIA,5240,EBEJICO,0.3,0.23,0.04,2,0.57,0.76,22106.22,0
2022,ANTIOQUIA,5250,EL BAGRE,0.26,0.12,0.01,4,0.69,0.91,104144.94,0
2022,ANTIOQUIA,5148,EL CARMEN DE VIBORAL,0.17,0.13,0.06,5,0.57,0.92,123583.35,0
2022,ANTIOQUIA,5697,EL SANTUARIO,0.29,0.13,0.03,4,0.54,0.93,57853.52,0
2022,ANTIOQUIA,5264,ENTRERRIOS,0.66,0.29,0.05,2,0.51,0,59448.93,0
2022,ANTIOQUIA,5266,ENVIGADO,0.22,0.2,0.06,4,0.56,1,586096.25,0
2022,ANTIOQUIA,5282,FREDONIA,0.13,0.2,0.04,21,0.58,0.65,30607.98,0
2022,ANTIOQUIA,5284,FRONTINO,0.3,0.2,0.04,5,0.57,0.92,42467.99,0
2022,ANTIOQUIA,5306,GIRALDO,0.4,0.06,0.02,2,0.56,1.03,19056.13,0
2022,ANTIOQUIA,5308,GIRARDOTA,0.27,0.05,0.02,4,0.62,0.93,107298.73,0
2022,ANTIOQUIA,5313,GRANADA,0.3,0.2,0.04,5,0.51,0.81,24016.31,0
2022,ANTIOQUIA,5315,GUADALUPE,0.26,0.06,0.1,2,0.53,0.68,30738.18,0
2022,ANTIOQUIA,5318,GUARNE,0.32,0.03,0.04,2,0.62,0.83,99576.28,0
2022,ANTIOQUIA,5321,GUATAPE,0.16,0.2,0.01,5,0.58,1.07,26826.45,0
2022,ANTIOQUIA,5310,GOMEZ PLATA,0.21,0.13,0.06,5,0.63,0.71,29599.44,0
2022,ANTIOQUIA,5347,HELICONIA,0.18,0.2,0.07,4,0.47,0.86,12338.16,0
2022,ANTIOQUIA,5353,HISPANIA,0.32,0.09,0.13,3,0.56,0.88,11231.13,0
2022,ANTIOQUIA,5360,ITAGÜI,0.42,0.17,0.05,1,0.44,0.92,719191.1,0
2022,ANTIOQUIA,5364,JARDIN,0.24,0.31,0.05,3,0.58,0.89,24698.87,0
2022,ANTIOQUIA,5368,JERICO,0.41,0.05,0.04,2,0.58,0.78,28600.32,0
2022,ANTIOQUIA,5376,LA CEJA,0.31,0.15,0.12,5,0.53,0.92,125623.86,0
2022,ANTIOQUIA,5380,LA ESTRELLA,0.36,0.18,0.01,3,0.55,1.23,149199.35,0
2022,ANTIOQUIA,5390,LA PINTADA,0.2,0.17,0.05,2,0.56,0.86,15822.17,0
2022,ANTIOQUIA,5400,LA UNION,0.12,0.22,0.02,21,0.51,0.95,39832.35,0
2022,ANTIOQUIA,5411,LIBORINA,0.31,0.17,0.07,5,0.24,0.83,20095.44,0
2022,ANTIOQUIA,5425,MACEO,0.23,0.09,0.08,4,0.53,0.98,18441.1,0
2022,ANTIOQUIA,5440,MARINILLA,0.42,0.14,0.06,2,0.59,0.99,103076.45,0
2022,ANTIOQUIA,5001,MEDELLIN,0.2,0.19,0.07,5,0.52,0.97,6894172.15,0
2022,ANTIOQUIA,5467,MONTEBELLO,0.36,0.06,0.04,3,0.58,0.81,16715.67,0
2022,ANTIOQUIA,5475,MURINDO,0.22,0.18,0.05,4,0.58,0.71,21771.14,0
2022,ANTIOQUIA,5480,MUTATA,0.32,0.09,0.02,2,0.68,0.99,45962.74,0
2022,ANTIOQUIA,5483,NARIÑO,0.7,0.09,0.16,1,0.69,0.68,19582.08,0
2022,ANTIOQUIA,5495,NECHI,0.37,0.11,0.05,2,0.63,0.88,59434.23,0
2022,ANTIOQUIA,5490,NECOCLI,0.54,0.16,0.03,1,0.63,1.12,131006.11,0
2022,ANTIOQUIA,5501,OLAYA,0.48,0.08,0.09,2,0.62,0.75,8030.65,0
2022,ANTIOQUIA,5543,PEQUE,0.33,0.15,0.01,3,0.87,0.76,18752.06,0
2022,ANTIOQUIA,5576,PUEBLORRICO,0.31,0.17,0.04,5,0.56,0.68,18329.17,0
2022,ANTIOQUIA,5579,PUERTO BERRIO,0.4,0.06,0.03,2,0.67,0.82,61285.07,0
2022,ANTIOQUIA,5585,PUERTO NARE,0.36,0.12,0.07,4,0.53,0.76,33332.79,0
2022,ANTIOQUIA,5591,PUERTO TRIUNFO,0.34,0.13,0.04,3,0.4,1.02,46111.24,0
2022,ANTIOQUIA,5604,REMEDIOS,0.3,0.12,0.03,3,0.57,1.11,75604.81,0
2022,ANTIOQUIA,5615,RIONEGRO,0.51,0.03,0.03,1,0.64,1.02,507623.78,0
2022,ANTIOQUIA,5628,SABANALARGA,0.11,0.24,0.03,21,0.63,0.83,16109.43,0
2022,ANTIOQUIA,5631,SABANETA,0.5,0.19,0.13,4,0.59,1.09,303562.31,0
2022,ANTIOQUIA,5642,SALGAR,0.46,0.07,0.04,2,0.58,0.73,32006.38,0
2022,ANTIOQUIA,5647,SAN ANDRES DE CUERQUIA,0.36,0.05,0.04,3,0.52,0.77,16622.7,0
2022,ANTIOQUIA,5649,SAN CARLOS,0.28,0.14,0.05,4,0.58,0.93,44502.44,0
2022,ANTIOQUIA,5652,SAN FRANCISCO,0.42,0.17,0.29,2,0.35,0.67,19340.32,0
2022,ANTIOQUIA,5656,SAN JERONIMO,0.3,0.1,0.07,4,0.53,0.86,29314.97,0
2022,ANTIOQUIA,5658,SAN JOSE DE LA MONTAÑA,0.46,0.15,0.03,4,0.59,0.59,8595.04,0
2022,ANTIOQUIA,5659,SAN JUAN DE URABA,0.29,0.13,0.07,4,0.62,0.99,43483.97,0
2022,ANTIOQUIA,5660,SAN LUIS,0.35,0.16,0.09,3,0.54,0.97,25866.06,0
2022,ANTIOQUIA,5665,SAN PEDRO DE URABA,0.29,0.07,0.07,4,0.63,0.97,71390.26,0
2022,ANTIOQUIA,5667,SAN RAFAEL,0.53,0.18,0.06,1,0.51,0.79,35169.81,0
2022,ANTIOQUIA,5670,SAN ROQUE,0.31,0.13,0.03,3,0.53,0.83,31437.6,0
2022,ANTIOQUIA,5674,SAN VICENTE,0.31,0.15,0.08,3,0.55,0.79,37660.34,0
2022,ANTIOQUIA,5686,SANTA ROSA DE OSOS,0.27,0.15,0.04,5,0.56,0.98,56419.05,0
2022,ANTIOQUIA,5690,SANTO DOMINGO,0.55,0.11,0.02,1,0.55,1.02,22876.02,0
2022,ANTIOQUIA,5736,SEGOVIA,0.41,0.09,0.24,3,0.69,0.87,105427.94,0
2022,ANTIOQUIA,5756,SONSON,0.4,0.11,0.09,3,0.51,0.82,66484.47,0
2022,ANTIOQUIA,5761,SOPETRAN,0.58,0.06,0.06,4,0.7,0.97,35164.81,0
2022,ANTIOQUIA,5790,TARAZA,0.73,0.43,0.01,2,0.62,0.78,49207.16,0
2022,ANTIOQUIA,5792,TARSO,0.27,0.11,0.04,5,0.46,0.63,10688.82,0
2022,ANTIOQUIA,5809,TITIRIBI,0.46,0.11,0.07,2,0.46,0.7,26319.88,0
2022,ANTIOQUIA,5819,TOLEDO,0.29,0.19,0.01,4,0.53,0.95,16352.34,0
2022,ANTIOQUIA,5837,TURBO,0.64,0.05,0.2,1,0.61,1.05,318531.03,0
2022,ANTIOQUIA,5789,TAMESIS,0.35,0.07,0.05,2,0.54,0.8,28518.67,0
2022,ANTIOQUIA,5842,URAMITA,0.37,0.1,0.03,2,0.52,0.82,21615.05,0
2022,ANTIOQUIA,5847,URRAO,0.32,0.13,0.05,5,0.51,0.84,54957.87,0
2022,ANTIOQUIA,5854,VALDIVIA,0.36,0.15,0.06,4,0.55,0.82,33681.94,0
2022,ANTIOQUIA,5856,VALPARAISO,0.35,0.16,0.05,3,0.51,0.7,13891.92,0
2022,ANTIOQUIA,5858,VEGACHI,0.51,0.14,0.03,3,0.52,1.03,25478.79,0
2022,ATLANTICO,8078,BARANOA,0.36,0.21,0.02,2,0.48,0.91,66048.7,0
2022,ATLANTICO,8137,CAMPO DE LA CRUZ,0.54,0.11,0,2,0.29,0.91,39380.2,0
2022,ATLANTICO,8141,CANDELARIA,0.41,0.07,0.01,3,0.46,0.85,31284.99,0
2022,ATLANTICO,8296,GALAPA,0.38,0.33,0.06,4,0.32,0.78,92502.02,0
2022,ATLANTICO,8372,JUAN DE ACOSTA,0.37,0.1,0.01,2,0.46,0.83,23926.75,0
2022,ATLANTICO,8421,LURUACO,0.4,0.17,0.06,3,0.48,0.84,41426.79,0
2022,ATLANTICO,8433,MALAMBO,0.47,0.23,0.04,1,0.41,0.91,208516.01,0
2022,ATLANTICO,8436,MANATI,0.56,0.41,0.01,1,0.16,0.77,30339.25,0
2022,ATLANTICO,8520,PALMAR DE VARELA,0.44,0.1,0.03,3,0.09,0.92,39125.12,0
2022,ATLANTICO,8549,PIOJO,0.33,0.13,0.03,2,0.51,0.67,16316.65,0
2022,ATLANTICO,8558,POLONUEVO,0.37,0.05,0.02,4,0.3,0.73,22443.02,0
2022,ATLANTICO,8560,PONEDERA,0.46,0.11,0.02,3,0.47,0.8,35065.66,0
2022,ATLANTICO,8573,PUERTO COLOMBIA,0.2,0.19,0.03,2,0.44,1.46,104332.02,0
2022,ATLANTICO,8606,REPELON,0.48,0.23,0.05,4,0.42,0.83,37971.87,0
2022,ATLANTICO,8634,SABANAGRANDE,0.32,0.22,0.04,4,0.13,0.91,36763.91,0
2022,ATLANTICO,8638,SABANALARGA,0.43,0.25,0.04,3,0.46,0.83,117538.51,0
2022,ATLANTICO,8675,SANTA LUCIA,0.34,0.12,0.01,2,0.23,0.62,24709.04,0
2022,ATLANTICO,8685,SANTO TOMAS,0.39,0.28,0.02,3,0.12,0.69,34664.61,0
2022,ATLANTICO,8758,SOLEDAD,0.4,0.23,0.03,1,0,0.91,810085.37,0
2022,ATLANTICO,8770,SUAN,0.39,0.16,0.03,2,0.06,0.83,17984.45,0
2022,ATLANTICO,8832,TUBARA,0.29,0.1,0.08,5,0.49,0.62,23497,0
2022,ATLANTICO,8849,USIACURI,0.29,0.12,0.02,4,0.1,0.6,15176.39,0
2022,SANTANDER,68013,AGUADA,0.56,0.18,0.05,3,0.82,0.81,6332.66,0
2022,SANTANDER,68020,ALBANIA,0.87,0.49,0,2,0.84,0.71,9874.91,0
2022,SANTANDER,68051,ARATOCA,0.35,0.07,0.02,2,0.67,0.94,16105.38,0
2022,SANTANDER,68077,BARBOSA,0.26,0.22,0.01,2,0.28,0.84,34501.03,0
2022,SANTANDER,68079,BARICHARA,0.36,0.09,0.04,2,0.67,0.75,20819.76,0
2022,SANTANDER,68081,BARRANCABERMEJA,0.37,0.16,0.02,2,0.52,1.19,680549.73,0
2022,SANTANDER,68092,BETULIA,0.43,0.22,0.14,2,0.68,0.82,20101.91,0
2022,SANTANDER,nan,BOLIVAR,0.37,0.05,0.03,2,0.78,1,0,0
2022,SANTANDER,68001,BUCARAMANGA,0.28,0.2,0.03,4,0.55,1.02,1218436.89,0
2022,SANTANDER,68121,CABRERA,0.25,0.11,0.05,2,0.81,0.76,8162.9,0
2022,SANTANDER,68132,CALIFORNIA,0.26,0.1,0.03,4,0.56,0.95,4355.57,0
2022,SANTANDER,68147,CAPITANEJO,0.27,0.04,0.02,2,0.48,0.95,15861.24,0
2022,SANTANDER,nan,CARCASI,0.34,0.08,0.07,2,0.79,0.79,0,0
2022,SANTANDER,nan,CEPITA,0.26,0.14,0.03,2,0.77,0.91,0,0
2022,SANTANDER,68162,CERRITO,0.34,0.09,0.15,2,0.53,1.05,12630.47,0
2022,SANTANDER,nan,CHARALA,0.37,0.14,0.09,2,0.43,1.01,0,0
2022,SANTANDER,68169,CHARTA,0.36,0.08,0.01,3,0.72,0.95,5927.79,0
2022,SANTANDER,68176,CHIMA,0.35,0.05,0.03,3,0.66,0.79,10335.73,0
2022,SANTANDER,nan,CHIPATA,0.4,0.06,0.03,3,0.78,0.7,0,0
2022,SANTANDER,68190,CIMITARRA,0.44,0.14,0.02,2,0.54,0.92,57280.92,0
2022,SANTANDER,nan,CONCEPCION,0.3,0.07,0.01,2,0.51,0.75,0,0
2022,SANTANDER,68209,CONFINES,0.23,0.1,0.05,2,0.76,0.87,9094.73,0
2022,SANTANDER,nan,CONTRATACION,0.32,0.13,0.18,3,0.37,0.95,0,0
2022,SANTANDER,68217,COROMORO,0.66,0.02,0.04,2,0.81,0.87,12927.75,0
2022,SANTANDER,nan,CURITI,0.26,0.1,0.02,3,0.59,0.84,0,0
2022,SANTANDER,nan,EL CARMEN DE CHUCURI,0.35,0.09,0.06,2,0.68,0.65,0,0
2022,SANTANDER,68245,EL GUACAMAYO,0.3,0.09,0.13,2,0.61,0.69,5593.57,0
2022,SANTANDER,nan,EL PEÑON,0.46,0.1,0.08,2,0.83,0.89,0,0
2022,SANTANDER,nan,EL PLAYON,0.39,0.05,0.01,4,0.51,0.92,0,0
2022,SANTANDER,68264,ENCINO,0.27,0.1,0.03,2,0.74,0.59,7330.58,0
2022,SANTANDER,68266,ENCISO,0.3,0.09,0.04,2,0.7,0.92,10409.82,0
2022,SANTANDER,68276,FLORIDABLANCA,0.26,0.13,0.01,1,0.45,0.83,456696.54,0
2022,SANTANDER,nan,FLORIAN,0.47,0.1,0.03,2,0.77,0.67,0,0
2022,SANTANDER,nan,GALAN,0.39,0.11,0.08,2,0.72,0.97,0,0
2022,SANTANDER,nan,GIRON,0.21,0.1,0.02,1,0.6,0.99,0,0
2022,SANTANDER,68318,GUACA,0.41,0.09,0.03,3,0.67,0.83,11506.88,0
2022,SANTANDER,68320,GUADALUPE,0.32,0.08,0.06,2,0.63,0.68,11472.93,0
2022,SANTANDER,nan,GUAPOTA,0.21,0.07,0.03,2,0.67,0.77,0,0
2022,SANTANDER,nan,GUAVATA,0.6,0.28,0,3,0.77,0.57,0,0
2022,SANTANDER,nan,GAMBITA,0.37,0.07,0.03,2,0.84,0.85,0,0
2022,SANTANDER,68327,GÜEPSA,0.26,0.1,0.03,4,0.49,0.77,8773.13,0
2022,SANTANDER,68344,HATO,0.42,0.24,0.05,2,0.65,0.83,11045.65,0
2022,SANTANDER,nan,JESUS MARIA,0.53,0.05,0.03,4,0.76,0.8,0,0
2022,SANTANDER,nan,JORDAN,0.35,0.04,0.06,5,0.93,1.18,0,0
2022,SANTANDER,68377,LA BELLEZA,0.29,0.12,0.04,3,0.71,0.85,14812.09,0
2022,SANTANDER,68397,LA PAZ,0.38,0.04,0.07,2,0.81,0.97,10989.43,0
2022,SANTANDER,68385,LANDAZURI,0.28,0.05,0.01,2,0.64,0,23281.17,0
2022,SANTANDER,68406,LEBRIJA,0.24,0.1,0.04,5,0.61,0.9,63791.87,0
2022,SANTANDER,68418,LOS SANTOS,0.24,0.07,0.03,4,0.76,0.8,22357.94,0
2022,SANTANDER,68425,MACARAVITA,0.42,0.05,0.03,2,0.86,0.8,8843.07,0
2022,SANTANDER,68444,MATANZA,0.38,0.03,0.02,2,0.63,1.29,9319.7,0
2022,SANTANDER,68464,MOGOTES,0.34,0.08,0.11,2,0.59,0.92,21046.23,0
2022,SANTANDER,68468,MOLAGAVITA,0.51,0.07,0.03,2,0.79,0.69,12347.29,0
2022,SANTANDER,nan,MALAGA,0.24,0.05,0.04,4,0.41,1.02,0,0
2022,SANTANDER,68498,OCAMONTE,0.22,0.03,0.02,3,0.73,0.61,10165.79,0
2022,SANTANDER,68500,OIBA,0.26,0.13,0.03,4,0.59,0.96,20824.47,0
2022,SANTANDER,68502,ONZAGA,0.45,0.15,0.18,3,0.66,0.87,14073.4,0
2022,SANTANDER,68522,PALMAR,0.58,0.06,0.01,3,0.64,0.86,7743.23,0
2022,SANTANDER,68524,PALMAS DEL SOCORRO,0.17,0.08,0.01,5,0.64,0.97,5693.17,0
2022,SANTANDER,68547,PIEDECUESTA,0.27,0.18,0.03,1,0.64,0.97,334211.5,0
2022,SANTANDER,68549,PINCHOTE,0.18,0.09,0.04,4,0.71,0.74,10374.28,0
2022,SANTANDER,68572,PUENTE NACIONAL,0.36,0.16,0.03,4,0.6,1.18,27018.68,0
2022,SANTANDER,68573,PUERTO PARRA,0.33,0.16,0.03,2,0.59,0.9,16742.72,0
2022,SANTANDER,68575,PUERTO WILCHES,0.31,0.15,0.02,4,0.52,0.99,66904.7,0
2022,SANTANDER,nan,PARAMO,0.28,0.19,0.03,3,0.68,0.9,0,0
2022,SANTANDER,68615,RIONEGRO,0.3,0.11,0.03,4,0.61,1.02,38586.65,0
2022,SANTANDER,68655,SABANA DE TORRES,0.31,0.15,0.04,3,0.49,1.03,43201.02,0
2022,SANTANDER,nan,SAN ANDRES,0.54,0.09,0.03,2,0.62,0.9,0,0
2022,SANTANDER,68673,SAN BENITO,0.37,0.1,0.08,4,0.87,0.75,7219.68,0
2022,SANTANDER,68679,SAN GIL,0.23,0.13,0.02,4,0.51,1.08,90868.48,0
2022,SANTANDER,nan,SAN JOAQUIN,0.34,0.07,0.09,2,0.72,0.84,0,0
2022,SANTANDER,nan,SAN JOSE DE MIRANDA,0.34,0.1,0.07,1,0.77,0.72,0,0
2022,SANTANDER,68686,SAN MIGUEL,0.35,0.08,0.08,2,0.77,0.9,7742.47,0
2022,SANTANDER,nan,SAN VICENTE DE CHUCURI,0.29,0.14,0.07,3,0.53,0.83,0,0
2022,SANTANDER,nan,SANTA BARBARA,0.44,0.12,0.21,3,0.89,0.73,0,0
2022,SANTANDER,nan,SANTA HELENA DEL OPON,0.43,0.09,0.17,2,0.75,0.9,0,0
2022,SANTANDER,68745,SIMACOTA,0.35,0.12,0.04,2,0.68,0.82,17553.14,0
2022,SANTANDER,68755,SOCORRO,0.14,0.07,0.02,3,0.49,1.06,44414.74,0
2022,SANTANDER,68770,SUAITA,0.36,0.11,0.04,4,0.71,0.96,17673.49,0
2022,SANTANDER,68773,SUCRE,0.77,0.09,0.01,2,0.88,0.53,15092.07,0
2022,SANTANDER,nan,SURATA,0.4,0.12,0.07,2,0.71,0.95,0,0
2022,SANTANDER,68820,TONA,0.4,0.14,0.03,3,0.81,0.92,12047.46,0
2022,SANTANDER,nan,VALLE DE SAN JOSE,0.46,0.06,0.01,4,0.61,0.85,0,0
2022,SANTANDER,68867,VETAS,0.24,0.04,0.04,4,0.61,0.61,3732.59,0
2022,SANTANDER,68872,VILLANUEVA,0.23,0.09,0.07,3,0.52,0.94,16571.91,0
2022,SANTANDER,nan,VELEZ,0.43,0.33,0.03,2,0.44,0.8,0,0
2022,SANTANDER,68895,ZAPATOCA,0.21,0.07,0.08,4,0.47,1,17130.05,0
2022,VALLE DEL CAUCA,76020,ALCALA,0.28,0.14,0.02,3,0.3,0.67,23036.26,0
2022,VALLE DEL CAUCA,76036,ANDALUCIA,0.43,0.16,0.03,3,0.52,0.67,29194.37,0
2022,VALLE DEL CAUCA,76041,ANSERMANUEVO,0.38,0.25,0.01,5,0.53,0.71,24048.32,0
2022,VALLE DEL CAUCA,76054,ARGELIA,0.36,0.17,0.04,4,0.49,0.81,11465.6,0
2022,VALLE DEL CAUCA,76100,BOLIVAR,0.23,0.11,0.03,4,0.58,1,20443.85,0
2022,VALLE DEL CAUCA,76113,BUGALAGRANDE,0.29,0.2,0.08,2,0.55,0.72,37551.36,0
2022,VALLE DEL CAUCA,76122,CAICEDONIA,0.25,0.16,0.02,2,0.47,0.68,37934.7,0
2022,VALLE DEL CAUCA,76126,CALIMA,0.25,0.18,0.08,5,0.44,0.76,34508.26,0
2022,VALLE DEL CAUCA,76130,CANDELARIA,0.19,0.19,0.01,4,0.55,0.85,122999.58,0
2022,VALLE DEL CAUCA,76147,CARTAGO,0.23,0.11,0.03,2,0.39,0.75,246923.44,0
2022,VALLE DEL CAUCA,76233,DAGUA,0.29,0.18,0.03,4,0.53,0.68,57917.15,0
2022,VALLE DEL CAUCA,76246,EL CAIRO,0.34,0.13,0.07,2,0.53,0.69,11982.95,0
2022,VALLE DEL CAUCA,76248,EL CERRITO,0.17,0.15,0.03,3,0.53,0.87,66325.39,0
2022,VALLE DEL CAUCA,76250,EL DOVIO,0.31,0.15,0.07,2,0.44,0.87,19212.95,0
2022,VALLE DEL CAUCA,76243,EL AGUILA,0.36,0.12,0.13,3,0.63,0.68,14387.96,0
2022,VALLE DEL CAUCA,76275,FLORIDA,0.21,0.15,0.04,3,0.4,0.84,53207.15,0
2022,VALLE DEL CAUCA,76306,GINEBRA,0.31,0.17,0.02,3,0.62,0.82,28253.28,0
2022,VALLE DEL CAUCA,76318,GUACARI,0.3,0.22,0.05,3,0.51,0.76,39219.69,0
2022,VALLE DEL CAUCA,76111,GUADALAJARA DE BUGA,0.21,0.15,0.05,2,0.54,0.79,231937.5,0
2022,VALLE DEL CAUCA,76364,JAMUNDI,0.25,0.18,0.06,3,0.62,0.79,245901.77,0
2022,VALLE DEL CAUCA,76377,LA CUMBRE,0.28,0.17,0.03,5,0.64,0.75,19539.83,0
2022,VALLE DEL CAUCA,76400,LA UNION,0.24,0.16,0.02,3,0.46,0.95,45041.06,0
2022,VALLE DEL CAUCA,76403,LA VICTORIA,0.36,0.13,0.01,3,0.45,0.97,19241.83,0
2022,VALLE DEL CAUCA,76497,OBANDO,0.31,0.22,0.09,4,0.41,0.57,22025.86,0
2022,VALLE DEL CAUCA,76520,PALMIRA,0.21,0.16,0.02,3,0.52,0.82,679540.81,0
2022,VALLE DEL CAUCA,76563,PRADERA,0.26,0.14,0.02,5,0.43,0.76,46797.97,0
2022,VALLE DEL CAUCA,76606,RESTREPO,0.28,0.15,0.04,3,0.49,1.14,23002.73,0
2022,VALLE DEL CAUCA,76616,RIOFRIO,0.17,0.08,0.05,3,0.53,0.76,27069.2,0
2022,VALLE DEL CAUCA,76622,ROLDANILLO,0.23,0.14,0.01,5,0.51,0.79,46854.38,0
2022,VALLE DEL CAUCA,76670,SAN PEDRO,0.21,0.2,0.05,4,0.54,0.91,22869.58,0
2022,VALLE DEL CAUCA,76736,SEVILLA,0.36,0.1,0.06,4,0.44,0.7,55659.9,0
2022,VALLE DEL CAUCA,76823,TORO,0.3,0.13,0.04,2,0.43,0.67,21880.41,0
2022,VALLE DEL CAUCA,76828,TRUJILLO,0.26,0.13,0.08,2,0.52,0.68,31030.92,0
2022,VALLE DEL CAUCA,76834,TULUA,0.19,0.12,0.03,5,0.52,0.73,360163.82,0
2022,VALLE DEL CAUCA,76845,ULLOA,0.37,0.26,0.09,4,0.5,0.69,8053.79,0
2022,VALLE DEL CAUCA,76863,VERSALLES,0.33,0.17,0.02,5,0.54,0.65,14844.56,0
2022,VALLE DEL CAUCA,76869,VIJES,0.24,0.18,0.01,2,0.47,0.7,13700.05,0
2022,VALLE DEL CAUCA,76890,YOTOCO,0.2,0.19,0.02,3,0.57,0.81,46702.91,0
2022,VALLE DEL CAUCA,76892,YUMBO,0.26,0.28,0.03,3,0.45,1,406881.62,0
2022,VALLE DEL CAUCA,76895,ZARZAL,0.43,0.16,0.02,1,0.48,0.75,55193.89,0
2023,ANTIOQUIA,5002,ABEJORRAL,0,0,0,0,0,0,0,0
2023,ANTIOQUIA,5004,ABRIAQUI,0,0,0,0,0,0,0,0
2023,ANTIOQUIA,5021,ALEJANDRIA,0,0,0,0,0,0,0,0
2023,ANTIOQUIA,5030,AMAGA,0,0,0,0,0,0,0,0
2023,ANTIOQUIA,5031,AMALFI,0,0,0,0,0,0,0,0
2023,ANTIOQUIA,5034,ANDES,0,0,0,0,0,0,0,0
2023,ANTIOQUIA,5036,ANGELOPOLIS,0,0,0,0,0,0,0,0
2023,ANTIOQUIA,5038,ANGOSTURA,0,0,0,0,0,0,0,0
2023,ANTIOQUIA,5040,ANORI,0,0,0,0,0,0,0,0
2023,ANTIOQUIA,5044,ANZA,0,0,0,0,0,0,0,0
2023,ANTIOQUIA,5045,APARTADO,0,0,0,0,0,0,0,0
2023,ANTIOQUIA,5051,ARBOLETES,0,0,0,0,0,0,0,0
2023,ANTIOQUIA,5055,ARGELIA,0,0,0,0,0,0,0,0
2023,ANTIOQUIA,5059,ARMENIA,0,0,0,0,0,0,0,0
2023,ANTIOQUIA,5079,BARBOSA,0,0,0,0,0,0,0,0
2023,ANTIOQUIA,5088,BELLO,0,0,0,0,0,0,0,0
2023,ANTIOQUIA,5086,BELMIRA,0,0,0,0,0,0,0,0
2023,ANTIOQUIA,5091,BETANIA,0,0,0,0,0,0,0,0
2023,ANTIOQUIA,5093,BETULIA,0,0,0,0,0,0,0,0
2023,ANTIOQUIA,5107,BRICEÑO,0,0,0,0,0,0,0,0
2023,ANTIOQUIA,5113,BURITICA,0,0,0,0,0,0,0,0
2023,ANTIOQUIA,5125,CAICEDO,0,0,0,0,0,0,0,0
2023,ANTIOQUIA,5129,CALDAS,0,0,0,0,0,0,0,0
2023,ANTIOQUIA,5134,CAMPAMENTO,0,0,0,0,0,0,0,0
2023,ANTIOQUIA,5142,CARACOLI,0,0,0,0,0,0,0,0
2023,ANTIOQUIA,5145,CARAMANTA,0,0,0,0,0,0,0,0
2023,ANTIOQUIA,5147,CAREPA,0,0,0,0,0,0,0,0
2023,ANTIOQUIA,5150,CAROLINA,0,0,0,0,0,0,0,0
2023,ANTIOQUIA,5154,CAUCASIA,0,0,0,0,0,0,0,0
2023,ANTIOQUIA,5138,CAÑASGORDAS,0,0,0,0,0,0,0,0
2023,ANTIOQUIA,5190,CISNEROS,0,0,0,0,0,0,0,0
2023,ANTIOQUIA,5101,CIUDAD BOLIVAR,0,0,0,0,0,0,0,0
2023,ANTIOQUIA,5197,COCORNA,0,0,0,0,0,0,0,0
2023,ANTIOQUIA,5206,CONCEPCION,0,0,0,0,0,0,0,0
2023,ANTIOQUIA,5209,CONCORDIA,0,0,0,0,0,0,0,0
2023,ANTIOQUIA,5212,COPACABANA,0,0,0,0,0,0,0,0
2023,ANTIOQUIA,5120,CACERES,0,0,0,0,0,0,0,0
2023,ANTIOQUIA,5234,DABEIBA,0,0,0,0,0,0,0,0
2023,ANTIOQUIA,5237,DONMATIAS,0,0,0,0,0,0,0,0
2023,ANTIOQUIA,5240,EBEJICO,0,0,0,0,0,0,0,0
2023,ANTIOQUIA,5250,EL BAGRE,0,0,0,0,0,0,0,0
2023,ANTIOQUIA,5148,EL CARMEN DE VIBORAL,0,0,0,0,0,0,0,0
2023,ANTIOQUIA,5697,EL SANTUARIO,0,0,0,0,0,0,0,0
2023,ANTIOQUIA,5264,ENTRERRIOS,0,0,0,0,0,0,0,0
2023,ANTIOQUIA,5266,ENVIGADO,0,0,0,0,0,0,0,0
2023,ANTIOQUIA,5282,FREDONIA,0,0,0,0,0,0,0,0
2023,ANTIOQUIA,5284,FRONTINO,0,0,0,0,0,0,0,0
2023,ANTIOQUIA,5306,GIRALDO,0,0,0,0,0,0,0,0
2023,ANTIOQUIA,5308,GIRARDOTA,0,0,0,0,0,0,0,0
2023,ANTIOQUIA,5313,GRANADA,0,0,0,0,0,0,0,0
2023,ANTIOQUIA,5315,GUADALUPE,0,0,0,0,0,0,0,0
2023,ANTIOQUIA,5318,GUARNE,0,0,0,0,0,0,0,0
2023,ANTIOQUIA,5321,GUATAPE,0,0,0,0,0,0,0,0
2023,ANTIOQUIA,5310,GOMEZ PLATA,0,0,0,0,0,0,0,0
2023,ANTIOQUIA,5347,HELICONIA,0,0,0,0,0,0,0,0
2023,ANTIOQUIA,5353,HISPANIA,0,0,0,0,0,0,0,0
2023,ANTIOQUIA,5360,ITAGÜI,0,0,0,0,0,0,0,0
2023,ANTIOQUIA,5364,JARDIN,0,0,0,0,0,0,0,0
2023,ANTIOQUIA,5368,JERICO,0,0,0,0,0,0,0,0
2023,ANTIOQUIA,5376,LA CEJA,0,0,0,0,0,0,0,0
2023,ANTIOQUIA,5380,LA ESTRELLA,0,0,0,0,0,0,0,0
2023,ANTIOQUIA,5390,LA PINTADA,0,0,0,0,0,0,0,0
2023,ANTIOQUIA,5400,LA UNION,0,0,0,0,0,0,0,0
2023,ANTIOQUIA,5411,LIBORINA,0,0,0,0,0,0,0,0
2023,ANTIOQUIA,5425,MACEO,0,0,0,0,0,0,0,0
2023,ANTIOQUIA,5440,MARINILLA,0,0,0,0,0,0,0,0
2023,ANTIOQUIA,5001,MEDELLIN,0,0,0,0,0,0,0,0
2023,ANTIOQUIA,5467,MONTEBELLO,0,0,0,0,0,0,0,0
2023,ANTIOQUIA,5475,MURINDO,0,0,0,0,0,0,0,0
2023,ANTIOQUIA,5480,MUTATA,0,0,0,0,0,0,0,0
2023,ANTIOQUIA,5483,NARIÑO,0,0,0,0,0,0,0,0
2023,ANTIOQUIA,5495,NECHI,0,0,0,0,0,0,0,0
2023,ANTIOQUIA,5490,NECOCLI,0,0,0,0,0,0,0,0
2023,ANTIOQUIA,5501,OLAYA,0,0,0,0,0,0,0,0
2023,ANTIOQUIA,5543,PEQUE,0,0,0,0,0,0,0,0
2023,ANTIOQUIA,5576,PUEBLORRICO,0,0,0,0,0,0,0,0
2023,ANTIOQUIA,5579,PUERTO BERRIO,0,0,0,0,0,0,0,0
2023,ANTIOQUIA,5585,PUERTO NARE,0,0,0,0,0,0,0,0
2023,ANTIOQUIA,5591,PUERTO TRIUNFO,0,0,0,0,0,0,0,0
2023,ANTIOQUIA,5604,REMEDIOS,0,0,0,0,0,0,0,0
2023,ANTIOQUIA,5615,RIONEGRO,0,0,0,0,0,0,0,0
2023,ANTIOQUIA,5628,SABANALARGA,0,0,0,0,0,0,0,0
2023,ANTIOQUIA,5631,SABANETA,0,0,0,0,0,0,0,0
2023,ANTIOQUIA,5642,SALGAR,0,0,0,0,0,0,0,0
2023,ANTIOQUIA,5647,SAN ANDRES DE CUERQUIA,0,0,0,0,0,0,0,0
2023,ANTIOQUIA,5649,SAN CARLOS,0,0,0,0,0,0,0,0
2023,ANTIOQUIA,5652,SAN FRANCISCO,0,0,0,0,0,0,0,0
2023,ANTIOQUIA,5656,SAN JERONIMO,0,0,0,0,0,0,0,0
2023,ANTIOQUIA,5658,SAN JOSE DE LA MONTAÑA,0,0,0,0,0,0,0,0
2023,ANTIOQUIA,5659,SAN JUAN DE URABA,0,0,0,0,0,0,0,0
2023,ANTIOQUIA,5660,SAN LUIS,0,0,0,0,0,0,0,0
2023,ANTIOQUIA,5665,SAN PEDRO DE URABA,0,0,0,0,0,0,0,0
2023,ANTIOQUIA,5667,SAN RAFAEL,0,0,0,0,0,0,0,0
2023,ANTIOQUIA,5670,SAN ROQUE,0,0,0,0,0,0,0,0
2023,ANTIOQUIA,5674,SAN VICENTE,0,0,0,0,0,0,0,0
2023,ANTIOQUIA,5686,SANTA ROSA DE OSOS,0,0,0,0,0,0,0,0
2023,ANTIOQUIA,5690,SANTO DOMINGO,0,0,0,0,0,0,0,0
2023,ANTIOQUIA,5736,SEGOVIA,0,0,0,0,0,0,0,0
2023,ANTIOQUIA,5756,SONSON,0,0,0,0,0,0,0,0
2023,ANTIOQUIA,5761,SOPETRAN,0,0,0,0,0,0,0,0
2023,ANTIOQUIA,5790,TARAZA,0,0,0,0,0,0,0,0
2023,ANTIOQUIA,5792,TARSO,0,0,0,0,0,0,0,0
2023,ANTIOQUIA,5809,TITIRIBI,0,0,0,0,0,0,0,0
2023,ANTIOQUIA,5819,TOLEDO,0,0,0,0,0,0,0,0
2023,ANTIOQUIA,5837,TURBO,0,0,0,0,0,0,0,0
2023,ANTIOQUIA,5789,TAMESIS,0,0,0,0,0,0,0,0
2023,ANTIOQUIA,5842,URAMITA,0,0,0,0,0,0,0,0
2023,ANTIOQUIA,5847,URRAO,0,0,0,0,0,0,0,0
2023,ANTIOQUIA,5854,VALDIVIA,0,0,0,0,0,0,0,0
2023,ANTIOQUIA,5856,VALPARAISO,0,0,0,0,0,0,0,0
2023,ANTIOQUIA,5858,VEGACHI,0,0,0,0,0,0,0,0
2023,ATLANTICO,8078,BARANOA,0,0,0,0,0,0,0,0
2023,ATLANTICO,8137,CAMPO DE LA CRUZ,0,0,0,0,0,0,0,0
2023,ATLANTICO,8141,CANDELARIA,0,0,0,0,0,0,0,0
2023,ATLANTICO,8296,GALAPA,0,0,0,0,0,0,0,0
2023,ATLANTICO,8372,JUAN DE ACOSTA,0,0,0,0,0,0,0,0
2023,ATLANTICO,8421,LURUACO,0,0,0,0,0,0,0,0
2023,ATLANTICO,8433,MALAMBO,0,0,0,0,0,0,0,0
2023,ATLANTICO,8436,MANATI,0,0,0,0,0,0,0,0
2023,ATLANTICO,8520,PALMAR DE VARELA,0,0,0,0,0,0,0,0
2023,ATLANTICO,8549,PIOJO,0,0,0,0,0,0,0,0
2023,ATLANTICO,8558,POLONUEVO,0,0,0,0,0,0,0,0
2023,ATLANTICO,8560,PONEDERA,0,0,0,0,0,0,0,0
2023,ATLANTICO,8573,PUERTO COLOMBIA,0,0,0,0,0,0,0,0
2023,ATLANTICO,8606,REPELON,0,0,0,0,0,0,0,0
2023,ATLANTICO,8634,SABANAGRANDE,0,0,0,0,0,0,0,0
2023,ATLANTICO,8638,SABANALARGA,0,0,0,0,0,0,0,0
2023,ATLANTICO,8675,SANTA LUCIA,0,0,0,0,0,0,0,0
2023,ATLANTICO,8685,SANTO TOMAS,0,0,0,0,0,0,0,0
2023,ATLANTICO,8758,SOLEDAD,0,0,0,0,0,0,0,0
2023,ATLANTICO,8770,SUAN,0,0,0,0,0,0,0,0
2023,ATLANTICO,8832,TUBARA,0,0,0,0,0,0,0,0
2023,ATLANTICO,8849,USIACURI,0,0,0,0,0,0,0,0
2023,VALLE DEL CAUCA,76020,ALCALA,0,0,0,0,0,0,0,0.2538
2023,VALLE DEL CAUCA,76036,ANDALUCIA,0,0,0,0,0,0,0,0.211
2023,VALLE DEL CAUCA,76041,ANSERMANUEVO,0,0,0,0,0,0,0,0.3853
2023,VALLE DEL CAUCA,76054,ARGELIA,0,0,0,0,0,0,0,0.4477
2023,VALLE DEL CAUCA,76100,BOLIVAR,0,0,0,0,0,0,0,0.6948
2023,VALLE DEL CAUCA,76113,BUGALAGRANDE,0,0,0,0,0,0,0,0.4687
2023,VALLE DEL CAUCA,76122,CAICEDONIA,0,0,0,0,0,0,0,0.1674
2023,VALLE DEL CAUCA,76126,CALIMA,0,0,0,0,0,0,0,0.3516
2023,VALLE DEL CAUCA,76130,CANDELARIA,0,0,0,0,0,0,0,0.723
2023,VALLE DEL CAUCA,76147,CARTAGO,0,0,0,0,0,0,0,0.0328
2023,VALLE DEL CAUCA,76233,DAGUA,0,0,0,0,0,0,0,0.7516
2023,VALLE DEL CAUCA,76246,EL CAIRO,0,0,0,0,0,0,0,0.702
2023,VALLE DEL CAUCA,76248,EL CERRITO,0,0,0,0,0,0,0,0.5052
2023,VALLE DEL CAUCA,76250,EL DOVIO,0,0,0,0,0,0,0,0.356
2023,VALLE DEL CAUCA,76243,EL AGUILA,0,0,0,0,0,0,0,0.3605
2023,VALLE DEL CAUCA,76275,FLORIDA,0,0,0,0,0,0,0,0.2937
2023,VALLE DEL CAUCA,76306,GINEBRA,0,0,0,0,0,0,0,0.53
2023,VALLE DEL CAUCA,76318,GUACARI,0,0,0,0,0,0,0,0.3709
2023,VALLE DEL CAUCA,76111,GUADALAJARA DE BUGA,0,0,0,0,0,0,0,0.1443
2023,VALLE DEL CAUCA,76364,JAMUNDI,0,0,0,0,0,0,0,0.2151
2023,VALLE DEL CAUCA,76377,LA CUMBRE,0,0,0,0,0,0,0,0.7967
2023,VALLE DEL CAUCA,76400,LA UNION,0,0,0,0,0,0,0,0.1935
2023,VALLE DEL CAUCA,76403,LA VICTORIA,0,0,0,0,0,0,0,0.2347
2023,VALLE DEL CAUCA,76497,OBANDO,0,0,0,0,0,0,0,0.2359
2023,VALLE DEL CAUCA,76520,PALMIRA,0,0,0,0,0,0,0,0.2048
2023,VALLE DEL CAUCA,76563,PRADERA,0,0,0,0,0,0,0,0.123
2023,VALLE DEL CAUCA,76606,RESTREPO,0,0,0,0,0,0,0,0.3236
2023,VALLE DEL CAUCA,76616,RIOFRIO,0,0,0,0,0,0,0,0.5088
2023,VALLE DEL CAUCA,76622,ROLDANILLO,0,0,0,0,0,0,0,0.2305
2023,VALLE DEL CAUCA,76670,SAN PEDRO,0,0,0,0,0,0,0,0.531
2023,VALLE DEL CAUCA,76736,SEVILLA,0,0,0,0,0,0,0,0.2318
2023,VALLE DEL CAUCA,76823,TORO,0,0,0,0,0,0,0,0.2981
2023,VALLE DEL CAUCA,76828,TRUJILLO,0,0,0,0,0,0,0,0.5103
2023,VALLE DEL CAUCA,76834,TULUA,0,0,0,0,0,0,0,0.1809
2023,VALLE DEL CAUCA,76845,ULLOA,0,0,0,0,0,0,0,0.5227
2023,VALLE DEL CAUCA,76863,VERSALLES,0,0,0,0,0,0,0,0.4
2023,VALLE DEL CAUCA,76869,VIJES,0,0,0,0,0,0,0,0.3599
2023,VALLE DEL CAUCA,76890,YOTOCO,0,0,0,0,0,0,0,0.4649
2023,VALLE DEL CAUCA,76892,YUMBO,0,0,0,0,0,0,0,0.1322
2023,VALLE DEL CAUCA,76895,ZARZAL,0,0,0,0,0,0,0,0.2328
